Date,I,IM,IF,AU,M,TL
2023-04-21,0.0,0.0,0.0,0.0,0.0,0.0
2023-04-24,0.0,0.0,0.0,0.0,0.0,0.0
2023-04-25,0.0,0.0,0.0,0.0,0.0,0.0
2023-04-26,0.0,0.0,0.0,0.0,0.0,0.0
2023-04-27,0.0,0.0,0.0,0.0,0.0,0.0
2023-04-28,0.0,0.0,0.0,0.0,0.0,0.0
2023-05-04,0.0,0.0,0.0,0.0,0.0,0.0
2023-05-05,0.0,0.0,0.0,0.0,0.0,0.0
2023-05-08,0.0,0.0,0.0,0.0,0.0,0.0
2023-05-09,0.0,0.0,0.0,0.0,0.0,0.0
2023-05-10,0.0,0.0,0.0,0.0,0.0,0.0
2023-05-11,0.0,0.0,0.0,0.0,0.0,0.0
2023-05-12,0.0,0.0,0.0,0.0,0.0,0.0
2023-05-15,0.0,0.0,0.0,0.0,0.0,0.0
2023-05-16,0.0,0.0,0.0,0.0,0.0,0.0
2023-05-17,0.0,0.0,0.0,0.0,0.0,0.0
2023-05-18,0.0,0.0,0.0,0.0,0.0,0.0
2023-05-19,0.0,0.0,0.0,0.0,0.0,0.0
2023-05-22,0.0,0.0,0.0,0.0,0.0,0.0
2023-05-23,0.0,0.0,0.0,0.0,0.0,0.0
2023-05-24,0.0,0.0,0.0,0.0,0.0,0.0
2023-05-25,0.0,0.0,0.875,0.0,0.0,0.0
2023-05-26,0.0,0.0,0.8377552784365002,0.0,0.0,0.0
2023-05-29,0.0,0.0,0.0,0.0,0.0,0.0
2023-05-30,0.0,0.0,0.875,0.0,0.0,0.0
2023-05-31,0.0,0.0,0.875,0.0,0.0,0.0
2023-06-01,0.0,0.0,0.0,0.0,0.0,0.0
2023-06-02,0.0,0.0,0.0,0.0,0.0,0.0
2023-06-05,0.0,0.0,0.0,0.0,0.0,0.0
2023-06-06,0.0,0.0,0.0,0.0,0.0,0.0
2023-06-07,0.0,0.0,0.0,0.0,0.0,0.0
2023-06-08,0.0,0.0,0.0,0.0,0.0,0.0
2023-06-09,0.0,0.0,0.0,0.0,0.0,0.0
2023-06-12,0.0,0.0,0.0,0.0,0.0,0.0
2023-06-13,0.0,0.0,0.0,0.0,0.0,0.0
2023-06-14,0.0,0.0,0.0,0.0,0.0,0.0
2023-06-15,0.875,0.0,0.0,0.0,0.0,0.0
2023-06-16,0.875,0.0,0.0,0.0,0.0,0.0
2023-06-19,0.875,0.0,0.0,0.0,0.0,0.0
2023-06-20,0.875,0.0,0.0,0.0,0.0,0.0
2023-06-21,0.875,0.0,0.0,0.0,0.0,0.0
2023-06-26,0.0,0.0,0.0,0.0,0.0,0.0
2023-06-27,0.875,0.0,0.0,0.0,0.0,0.0
2023-06-28,0.875,0.0,0.0,0.0,0.0,0.0
2023-06-29,0.875,0.0,0.0,0.0,0.0,0.0
2023-06-30,0.875,0.0,0.0,0.0,0.0,0.0
2023-07-03,0.0,0.0,0.0,0.0,0.0,0.0
2023-07-04,0.0,0.0,0.0,0.0,0.0,0.0
2023-07-05,0.0,0.0,0.0,0.0,0.0,0.0
2023-07-06,0.0,0.0,0.0,0.0,0.0,0.0
2023-07-07,0.0,0.0,0.0,0.0,0.0,0.0
2023-07-10,0.0,0.0,0.0,0.0,0.0,0.0
2023-07-11,0.0,0.0,0.0,0.0,0.0,0.0
2023-07-12,0.0,0.0,0.0,0.0,0.875,0.0
2023-07-13,0.0,0.0,0.0,0.0,0.875,0.0
2023-07-14,0.0,0.0,0.0,0.0,0.875,0.0
2023-07-17,0.0,0.0,0.0,0.0,0.875,0.0
2023-07-18,0.0,0.0,0.0,0.0,0.875,0.0
2023-07-19,0.0,0.0,0.0,0.0,0.875,0.0
2023-07-20,0.0,0.0,0.0,0.0,0.875,0.0
2023-07-21,0.0,0.0,0.0,0.0,0.875,0.0
2023-07-24,0.0,0.0,0.0,0.0,0.875,0.0
2023-07-25,0.0,0.0,0.0,0.0,0.875,0.0
2023-07-26,0.0,0.0,0.0,0.0,0.875,0.0
2023-07-27,0.0,0.0,0.0,0.0,0.875,0.0
2023-07-28,0.0,0.0,0.0,0.0,0.875,0.0
2023-07-31,0.0,0.0,0.0,0.0,0.875,0.0
2023-08-01,0.0,0.0,0.0,0.0,0.875,0.0
2023-08-02,0.0,0.0,0.0,0.0,0.8738022856684721,0.0
2023-08-03,0.0,0.0,0.0,0.0,0.8740100790738267,0.0
2023-08-04,0.0,0.0,0.0,0.0,0.8602423406191668,0.0
2023-08-07,0.0,0.0,0.0,0.0,0.8614519501583942,0.0
2023-08-08,0.0,0.0,0.0,0.0,0.8059978955982734,0.0
2023-08-09,0.0,0.0,0.0,0.0,0.7968226076167038,0.0
2023-08-10,0.0,0.0,0.0,0.0,0.7542998564444734,0.0
2023-08-11,0.0,0.0,0.0,0.0,0.7851550375817617,0.0
2023-08-14,0.0,0.0,0.0,0.0,0.7882575077236098,0.0
2023-08-15,0.0,0.0,0.0,0.0,0.7965471770668219,0.0
2023-08-16,0.0,0.0,0.0,0.0,0.7974426328609405,0.0
2023-08-17,0.0,0.0,0.0,0.0,0.8722508825231113,0.0
2023-08-18,0.0,0.0,0.0,0.0,0.8400736881680978,0.0
2023-08-21,0.0,0.0,0.0,0.0,0.8635211432564275,0.0
2023-08-22,0.0,0.0,0.0,0.0,0.8109854842453896,0.0
2023-08-23,0.0,0.0,0.0,0.0,0.6481892577032786,0.0
2023-08-24,0.0,0.0,0.0,0.0,0.6511624253012608,0.0
2023-08-25,0.0,0.0,0.0,0.0,0.6578921093931575,0.0
2023-08-28,0.0,0.0,0.0,0.0,0.6588819801549755,0.0
2023-08-29,0.0,0.0,0.0,0.0,0.6677872494849623,0.0
2023-08-30,0.0,0.0,0.0,0.0,0.6818932115670922,0.0
2023-08-31,0.0,0.0,0.0,0.0,0.6788721334112793,0.0
2023-09-01,0.0,0.0,0.0,0.0,0.6860965605808859,0.0
2023-09-04,0.0,0.0,0.0,0.0,0.6733098637551493,0.0
2023-09-05,0.0,0.0,0.0,0.0,0.6589122870874222,0.0
2023-09-06,0.0,0.0,0.0,0.0,0.6587800698628067,0.0
2023-09-07,0.0,0.0,0.0,0.0,0.6828768441123042,0.0
2023-09-08,0.0,0.0,0.0,0.0,0.6816539077550993,0.0
2023-09-11,0.0,0.0,0.0,0.0,0.641132183449473,0.0
2023-09-12,0.0,0.0,0.0,0.0,0.6384155340366079,0.0
2023-09-13,0.0,0.0,0.0,0.0,0.0,0.0
2023-09-14,0.0,0.0,0.0,0.0,0.0,0.0
2023-09-15,0.0,0.0,0.0,0.0,0.0,0.0
2023-09-18,0.0,0.0,0.0,0.0,0.0,0.0
2023-09-19,0.0,0.0,0.0,0.7155522528419073,0.0,0.0
2023-09-20,0.0,0.0,0.0,0.875,0.0,0.0
2023-09-21,0.0,0.0,0.0,0.875,0.0,0.0
2023-09-22,0.0,0.0,0.0,0.875,0.0,0.0
2023-09-25,0.0,0.0,0.0,0.875,0.0,0.0
2023-09-26,0.0,0.0,0.0,0.875,0.0,0.0
2023-09-27,0.0,0.0,0.0,0.0,0.0,0.0
2023-09-28,0.0,0.0,0.0,0.0,0.0,0.0
2023-10-09,0.0,0.0,0.0,0.0,0.0,0.0
2023-10-10,0.0,0.0,0.0,0.0,0.0,0.0
2023-10-11,0.0,0.0,0.0,0.0,0.875,0.0
2023-10-12,0.0,0.0,0.0,0.0,0.875,0.0
2023-10-13,0.0,0.0,0.0,0.0,0.875,0.0
2023-10-16,0.0,0.0,0.0,0.0,0.875,0.0
2023-10-17,0.0,0.0,0.0,0.0,0.8302308214611437,0.0
2023-10-18,0.0,0.0,0.0,0.0,0.0,0.0
2023-10-19,0.0,0.0,0.0,0.0,0.0,0.0
2023-10-20,0.0,0.0,0.0,0.0,0.0,0.0
2023-10-23,0.0,0.0,0.0,0.0,0.0,0.0
2023-10-24,0.0,0.0,0.0,0.0,0.0,0.0
2023-10-25,0.0,0.0,0.0,0.0,0.0,0.0
2023-10-26,0.0,0.0,0.0,0.0,0.0,0.0
2023-10-27,0.0,0.0,0.0,0.0,0.0,0.0
2023-10-30,0.0,0.0,0.0,0.0,0.0,0.0
2023-10-31,0.0,0.0,0.0,0.0,0.0,0.0
2023-11-01,0.875,0.0,0.0,0.0,0.0,0.0
2023-11-02,0.875,0.0,0.0,0.0,0.0,0.0
2023-11-03,0.0,0.0,0.0,0.875,0.0,0.0
2023-11-06,0.0,0.0,0.0,0.875,0.0,0.0
2023-11-07,0.0,0.0,0.0,0.0,0.0,0.0
2023-11-08,0.0,0.0,0.0,0.0,0.875,0.0
2023-11-09,0.0,0.0,0.0,0.0,0.875,0.0
2023-11-10,0.5287094445309369,0.0,0.0,0.0,0.6154616015873402,0.0
2023-11-13,0.875,0.0,0.0,0.0,0.0,0.0
2023-11-14,0.875,0.0,0.0,0.0,0.0,0.0
2023-11-15,0.875,0.0,0.0,0.0,0.0,0.0
2023-11-16,0.875,0.0,0.0,0.0,0.0,0.0
2023-11-17,0.875,0.0,0.0,0.0,0.0,0.0
2023-11-20,0.875,0.0,0.0,0.0,0.0,0.0
2023-11-21,0.875,0.0,0.0,0.0,0.0,0.0
2023-11-22,0.8572387951897986,0.0,0.0,0.0,0.0,0.0
2023-11-23,0.7902757614229515,0.0,0.0,0.0,0.0,0.0
2023-11-24,0.7285563952413991,0.0,0.0,0.0,0.0,0.0
2023-11-27,0.7114173704268668,0.0,0.0,0.0,0.0,0.0
2023-11-28,0.7070988931933061,0.0,0.0,0.0,0.0,0.0
2023-11-29,0.6247646657707105,0.0,0.0,0.0,0.0,0.0
2023-11-30,0.6215647837883325,0.0,0.0,0.0,0.0,0.0
2023-12-01,0.6145366386268204,0.0,0.0,0.0,0.0,0.0
2023-12-04,0.6114823202502664,0.0,0.0,0.0,0.0,0.0
2023-12-05,0.0,0.0,0.0,0.0,0.0,0.0
2023-12-06,0.0,0.0,0.0,0.0,0.0,0.0
2023-12-07,0.5945011782333782,0.0,0.0,0.0,0.0,0.0
2023-12-08,0.5948140297816683,0.0,0.0,0.0,0.0,0.0
2023-12-11,0.6374629524178063,0.0,0.0,0.0,0.0,0.0
2023-12-12,0.6407438488464978,0.0,0.0,0.0,0.0,0.0
2023-12-13,0.6276548482568034,0.0,0.0,0.0,0.0,0.0
2023-12-14,0.5983267378352837,0.0,0.0,0.0,0.0,0.0
2023-12-15,0.555599943965193,0.0,0.0,0.0,0.0,0.0
2023-12-18,0.0,0.0,0.0,0.0,0.0,0.0
2023-12-19,0.0,0.0,0.0,0.0,0.0,0.0
2023-12-20,0.0,0.0,0.0,0.0,0.0,0.0
2023-12-21,0.0,0.0,0.0,0.0,0.0,0.7214923379180871
2023-12-22,0.0,0.0,0.0,0.0,0.0,0.770730538909628
2023-12-25,0.0,0.0,0.0,0.0,0.0,0.795854238610253
2023-12-26,0.0,0.0,0.0,0.0,0.0,0.7860231488139668
2023-12-27,0.0,0.0,0.0,0.0,0.0,0.875
2023-12-28,0.0,0.0,0.0,0.5978178891700323,0.0,0.875
2023-12-29,0.0,0.0,0.0,0.875,0.0,0.0
2024-01-02,0.0,0.0,0.0,0.0,0.0,0.0
2024-01-03,0.0,0.0,0.0,0.875,0.0,0.0
2024-01-04,0.0,0.0,0.0,0.3870615368837629,0.0,0.875
2024-01-05,0.0,0.0,0.0,0.0,0.0,0.875
2024-01-08,0.0,0.0,0.0,0.0,0.0,0.875
2024-01-09,0.0,0.0,0.0,0.0,0.0,0.875
2024-01-10,0.0,0.0,0.0,0.0,0.0,0.875
2024-01-11,0.0,0.0,0.0,0.0,0.0,0.875
2024-01-12,0.0,0.0,0.0,0.0,0.0,0.0
2024-01-15,0.0,0.0,0.0,0.875,0.0,0.0
2024-01-16,0.0,0.0,0.0,0.875,0.0,0.0
2024-01-17,0.0,0.0,0.0,0.0,0.0,0.875
2024-01-18,0.0,0.0,0.0,0.0,0.0,0.875
2024-01-19,0.0,0.0,0.0,0.0,0.0,0.0
2024-01-22,0.0,0.0,0.0,0.0,0.0,0.875
2024-01-23,0.0,0.0,0.0,0.0,0.0,0.875
2024-01-24,0.0,0.0,0.712224701148416,0.0,0.0,0.7331405909838548
2024-01-25,0.0,0.0,0.875,0.0,0.0,0.0
2024-01-26,0.0,0.0,0.0,0.0,0.0,0.0
2024-01-29,0.0,0.0,0.0,0.0,0.0,0.0
2024-01-30,0.0,0.0,0.0,0.0,0.0,0.875
2024-01-31,0.0,0.0,0.0,0.0,0.0,0.875
2024-02-01,0.0,0.0,0.0,0.0,0.0,0.875
2024-02-02,0.0,0.0,0.0,0.0,0.0,0.875
2024-02-05,0.0,0.0,0.0,0.0,0.0,0.875
2024-02-06,0.0,0.0,0.0,0.0,0.0,0.875
2024-02-07,0.0,0.0,0.0,0.0,0.0,0.0
2024-02-08,0.0,0.0,0.0,0.0,0.0,0.0
2024-02-19,0.0,0.0,0.875,0.0,0.0,0.0
2024-02-20,0.0,0.0,0.875,0.0,0.0,0.0
2024-02-21,0.0,0.0,0.875,0.0,0.0,0.0
2024-02-22,0.0,0.0,0.875,0.0,0.0,0.0
2024-02-23,0.0,0.0,0.875,0.0,0.0,0.0
2024-02-26,0.0,0.0,0.875,0.0,0.0,0.0
2024-02-27,0.0,0.0,0.875,0.0,0.0,0.0
2024-02-28,0.0,0.0,0.39374999999999993,0.0,0.0,0.875
2024-02-29,0.0,0.0,0.0,0.0,0.0,0.8409963323359765
2024-03-01,0.0,0.0,0.35274223837199664,0.0,0.0,0.8179640049198403
2024-03-04,0.0,0.0,0.8290200422463573,0.0,0.0,0.0
2024-03-05,0.0,0.0,0.8283972638029768,0.0,0.0,0.0
2024-03-06,0.0,0.0,0.8283143213200558,0.0,0.0,0.0
2024-03-07,0.0,0.0,0.8285628152809278,0.0,0.0,0.0
2024-03-08,0.0,0.0,0.8263163139952784,0.0,0.0,0.0
2024-03-11,0.0,0.0,0.8298630888566443,0.0,0.0,0.0
2024-03-12,0.0,0.0,0.7974727289983905,0.0,0.0,0.0
2024-03-13,0.0,0.0,0.7990159366369052,0.0,0.0,0.0
2024-03-14,0.0,0.0,0.8205999335526606,0.0,0.0,0.0
2024-03-15,0.0,0.0,0.5027646003529866,0.7297010952551629,0.0,0.0
2024-03-18,0.0,0.0,0.6607847184752899,0.6039945792201518,0.0,0.0
2024-03-19,0.0,0.0,0.8139594024696111,0.0,0.0,0.0
2024-03-20,0.0,0.0,0.0,0.8065962061897894,0.0,0.0
2024-03-21,0.0,0.0,0.0,0.875,0.0,0.0
2024-03-22,0.0,0.0,0.0,0.8390089309551486,0.0,0.0
2024-03-25,0.0,0.0,0.0,0.8232855605943589,0.0,0.0
2024-03-26,0.0,0.0,0.0,0.875,0.0,0.0
2024-03-27,0.0,0.0,0.0,0.875,0.0,0.0
2024-03-28,0.0,0.0,0.0,0.875,0.0,0.0
2024-03-29,0.0,0.0,0.0,0.875,0.0,0.0
2024-04-01,0.0,0.0,0.0,0.875,0.0,0.0
2024-04-02,0.0,0.0,0.0,0.875,0.0,0.0
2024-04-03,0.0,0.0,0.0,0.875,0.0,0.0
2024-04-08,0.0,0.0,0.0,0.875,0.0,0.0
2024-04-09,0.0,0.0,0.0,0.8268649202323646,0.0,0.0
2024-04-10,0.0,0.0,0.0,0.8267941440883525,0.0,0.0
2024-04-11,0.0,0.0,0.0,0.8465883023591851,0.0,0.0
2024-04-12,0.0,0.0,0.0,0.8166043068156752,0.0,0.0
2024-04-15,0.0,0.0,0.0,0.7308228832816788,0.0,0.0
2024-04-16,0.0,0.0,0.0,0.6932762800863362,0.0,0.0
2024-04-17,0.0,0.0,0.0,0.6940505530184785,0.0,0.0
2024-04-18,0.0,0.0,0.0,0.7005291790108942,0.0,0.0
2024-04-19,0.0,0.0,0.0,0.702243178701175,0.0,0.0
2024-04-22,0.0,0.0,0.0,0.706452747844569,0.0,0.0
2024-04-23,0.0,0.0,0.0,0.6758049977103597,0.0,0.0
2024-04-24,0.0,0.0,0.0,0.5938406708804497,0.0,0.0
2024-04-25,0.0,0.0,0.0,0.5818065302666412,0.0,0.0
2024-04-26,0.0,0.0,0.0,0.5732738347289217,0.0,0.0
2024-04-29,0.0,0.0,0.0,0.6059845938375199,0.0,0.0
2024-04-30,0.0,0.0,0.0,0.522004612898108,0.0,0.0
2024-05-06,0.0,0.0,0.0,0.0,0.0,0.0
2024-05-07,0.0,0.0,0.0,0.0,0.0,0.0
2024-05-08,0.0,0.0,0.0,0.0,0.0,0.0
2024-05-09,0.0,0.0,0.0,0.0,0.0,0.0
2024-05-10,0.0,0.0,0.0,0.0,0.0,0.0
2024-05-13,0.0,0.0,0.0,0.0,0.0,0.0
2024-05-14,0.0,0.0,0.0,0.0,0.0,0.0
2024-05-15,0.0,0.0,0.0,0.0,0.0,0.0
2024-05-16,0.0,0.0,0.0,0.0,0.0,0.0
2024-05-17,0.0,0.0,0.0,0.0,0.0,0.0
2024-05-20,0.0,0.0,0.875,0.0,0.0,0.0
2024-05-21,0.0,0.0,0.875,0.0,0.0,0.0
2024-05-22,0.0,0.0,0.875,0.0,0.0,0.0
2024-05-23,0.0,0.0,0.875,0.0,0.0,0.0
2024-05-24,0.0,0.0,0.0,0.0,0.0,0.0
2024-05-27,0.0,0.0,0.0,0.0,0.0,0.0
2024-05-28,0.0,0.0,0.0,0.0,0.0,0.0
2024-05-29,0.0,0.0,0.0,0.0,0.0,0.0
2024-05-30,0.0,0.0,0.0,0.0,0.0,0.0
2024-05-31,0.0,0.0,0.0,0.0,0.0,0.0
2024-06-03,0.0,0.0,0.0,0.0,0.0,0.0
2024-06-04,0.0,0.0,0.0,0.0,0.0,0.0
2024-06-05,0.0,0.0,0.0,0.0,0.0,0.0
2024-06-06,0.0,0.0,0.0,0.0,0.0,0.0
2024-06-07,0.0,0.0,0.0,0.0,0.0,0.0
2024-06-11,0.0,0.0,0.0,0.0,0.0,0.0
2024-06-12,0.0,0.0,0.0,0.0,0.0,0.0
2024-06-13,0.0,0.0,0.0,0.0,0.0,0.0
2024-06-14,0.0,0.0,0.0,0.0,0.0,0.0
2024-06-17,0.0,0.0,0.0,0.0,0.0,0.0
2024-06-18,0.0,0.0,0.0,0.0,0.0,0.0
2024-06-19,0.0,0.0,0.0,0.0,0.0,0.875
2024-06-20,0.0,0.0,0.0,0.0,0.0,0.875
2024-06-21,0.0,0.0,0.0,0.0,0.0,0.875
2024-06-24,0.0,0.0,0.0,0.0,0.0,0.875
2024-06-25,0.0,0.0,0.0,0.0,0.0,0.875
2024-06-26,0.0,0.0,0.0,0.0,0.0,0.875
2024-06-27,0.0,0.0,0.0,0.0,0.0,0.875
2024-06-28,0.0,0.0,0.0,0.0,0.0,0.875
2024-07-01,0.0,0.0,0.0,0.0,0.0,0.875
2024-07-02,0.0,0.0,0.0,0.0,0.0,0.875
2024-07-03,0.0,0.0,0.0,0.0,0.0,0.875
2024-07-04,0.0,0.0,0.0,0.0,0.0,0.875
2024-07-05,0.0,0.0,0.0,0.0,0.0,0.875
2024-07-08,0.0,0.0,0.0,0.0,0.0,0.0
2024-07-09,0.0,0.0,0.0,0.0,0.0,0.0
2024-07-10,0.0,0.0,0.0,0.0,0.0,0.0
2024-07-11,0.0,0.0,0.0,0.0,0.0,0.0
2024-07-12,0.0,0.0,0.0,0.0,0.0,0.0
2024-07-15,0.0,0.0,0.0,0.0,0.0,0.0
2024-07-16,0.0,0.0,0.0,0.0,0.0,0.0
2024-07-17,0.0,0.0,0.0,0.0,0.0,0.0
2024-07-18,0.0,0.0,0.0,0.0,0.0,0.0
2024-07-19,0.0,0.0,0.0,0.0,0.0,0.0
2024-07-22,0.0,0.0,0.0,0.0,0.0,0.0
2024-07-23,0.0,0.0,0.0,0.0,0.0,0.0
2024-07-24,0.0,0.0,0.0,0.0,0.0,0.0
2024-07-25,0.0,0.0,0.0,0.0,0.0,0.0
2024-07-26,0.0,0.0,0.0,0.0,0.0,0.0
2024-07-29,0.0,0.0,0.0,0.0,0.0,0.875
2024-07-30,0.0,0.0,0.0,0.0,0.0,0.875
2024-07-31,0.0,0.0,0.0,0.0,0.0,0.875
2024-08-01,0.0,0.0,0.0,0.0,0.0,0.875
2024-08-02,0.0,0.0,0.0,0.0,0.0,0.875
2024-08-05,0.0,0.0,0.0,0.0,0.0,0.875
2024-08-06,0.0,0.0,0.0,0.0,0.0,0.875
2024-08-07,0.0,0.0,0.0,0.0,0.0,0.875
2024-08-08,0.0,0.0,0.0,0.0,0.0,0.875
2024-08-09,0.0,0.0,0.0,0.0,0.0,0.875
2024-08-12,0.0,0.0,0.0,0.0,0.0,0.875
2024-08-13,0.0,0.0,0.0,0.0,0.0,0.0
2024-08-14,0.0,0.0,0.0,0.0,0.0,0.875
2024-08-15,0.0,0.0,0.0,0.0,0.0,0.875
2024-08-16,0.0,0.0,0.0,0.0,0.0,0.875
2024-08-19,0.0,0.0,0.0,0.0,0.0,0.875
2024-08-20,0.0,0.0,0.0,0.0,0.0,0.875
2024-08-21,0.0,0.0,0.0,0.0,0.0,0.0
2024-08-22,0.0,0.0,0.0,0.0,0.0,0.0
2024-08-23,0.0,0.0,0.0,0.0,0.0,0.0
2024-08-26,0.0,0.0,0.0,0.0,0.0,0.0
2024-08-27,0.0,0.0,0.0,0.0,0.0,0.0
2024-08-28,0.0,0.0,0.0,0.0,0.0,0.0
2024-08-29,0.0,0.0,0.0,0.0,0.0,0.0
2024-08-30,0.0,0.0,0.0,0.0,0.0,0.0
2024-09-02,0.0,0.0,0.0,0.0,0.0,0.0
2024-09-03,0.0,0.0,0.0,0.0,0.0,0.0
2024-09-04,0.0,0.0,0.0,0.0,0.0,0.0
2024-09-05,0.0,0.0,0.0,0.0,0.0,0.0
2024-09-06,0.0,0.0,0.0,0.0,0.0,0.0
2024-09-09,0.0,0.0,0.0,0.0,0.0,0.0
2024-09-10,0.0,0.0,0.0,0.0,0.0,0.0
2024-09-11,0.0,0.0,0.0,0.0,0.0,0.0
2024-09-12,0.0,0.0,0.0,0.0,0.0,0.875
2024-09-13,0.0,0.0,0.0,0.0,0.0,0.875
2024-09-18,0.0,0.0,0.0,0.0,0.0,0.875
2024-09-19,0.0,0.0,0.0,0.0,0.0,0.875
2024-09-20,0.0,0.0,0.0,0.0,0.0,0.875
2024-09-23,0.0,0.0,0.0,0.0,0.0,0.875
2024-09-24,0.0,0.0,0.0,0.0,0.0,0.875
2024-09-25,0.0,0.0,0.0,0.0,0.0,0.875
2024-09-26,0.0,0.0,0.4451199459872998,0.0,0.0,0.875
2024-09-27,0.0,0.0,0.875,0.0,0.0,0.0
2024-09-30,0.0,0.0,0.875,0.0,0.0,0.0
2024-10-08,0.0,0.0,0.3653460495986692,0.0,0.0,0.0
2024-10-09,0.0,0.0,0.35852080962532745,0.0,0.0,0.0
2024-10-10,0.0,0.0,0.32882685450282223,0.0,0.0,0.0
2024-10-11,0.0,0.0,0.32885324857818854,0.0,0.0,0.0
2024-10-14,0.0,0.0,0.3253412277218773,0.0,0.0,0.0
2024-10-15,0.0,0.0,0.32567471120184677,0.0,0.0,0.0
2024-10-16,0.0,0.0,0.3221282048777419,0.0,0.0,0.0
2024-10-17,0.0,0.0,0.32189960711515336,0.0,0.0,0.0
2024-10-18,0.0,0.0,0.3207656454104515,0.0,0.0,0.0
2024-10-21,0.0,0.0,0.31911853766032505,0.0,0.0,0.0
2024-10-22,0.0,0.0,0.31926763082144943,0.0,0.0,0.0
2024-10-23,0.0,0.0,0.31926906861061577,0.0,0.0,0.0
2024-10-24,0.0,0.13553568802417382,0.29269764791279185,0.0,0.0,0.0
2024-10-25,0.0,0.24021329171518127,0.21949233143470928,0.0,0.0,0.0
2024-10-28,0.0,0.31917027330857217,0.0,0.0,0.0,0.0
2024-10-29,0.0,0.1288958594022957,0.0,0.31926555507470833,0.0,0.0
2024-10-30,0.0,0.0,0.0,0.3210655083018695,0.0,0.0
2024-10-31,0.0,0.3210779916156018,0.0,0.0,0.0,0.0
2024-11-01,0.0,0.32462952138737244,0.0,0.0,0.0,0.0
2024-11-04,0.0,0.13528405697327053,0.3200920081595992,0.0,0.0,0.0
2024-11-05,0.0,0.0,0.6226780126622312,0.0,0.0,0.0
2024-11-06,0.0,0.6625500936619599,0.0,0.0,0.0,0.0
2024-11-07,0.0,0.875,0.0,0.0,0.0,0.0
2024-11-08,0.0,0.875,0.0,0.0,0.0,0.0
2024-11-11,0.0,0.875,0.0,0.0,0.0,0.0
2024-11-12,0.0,0.849061874242819,0.0,0.0,0.0,0.0
2024-11-13,0.0,0.670489854353739,0.3687902622603705,0.0,0.0,0.0
2024-11-14,0.0,0.7495988283514199,0.38957199422636074,0.0,0.0,0.0
2024-11-15,0.0,0.676573713190896,0.0,0.0,0.0,0.0
2024-11-18,0.0,0.6136266449649519,0.0,0.0,0.0,0.0
2024-11-19,0.0,0.5437858732119882,0.0,0.0,0.0,0.0
2024-11-20,0.0,0.5532131244544138,0.0,0.0,0.0,0.0
2024-11-21,0.0,0.5433925081419061,0.0,0.0,0.0,0.0
2024-11-22,0.0,0.19635827493586186,0.5052425353817307,0.0,0.0,0.0
2024-11-25,0.0,0.0,0.4802867500568744,0.0,0.0,0.0
2024-11-26,0.0,0.0,0.4789644244179759,0.0,0.0,0.0
2024-11-27,0.0,0.0,0.4785986953868635,0.0,0.0,0.0
2024-11-28,0.0,0.0,0.0,0.0,0.0,0.0
2024-11-29,0.0,0.4832299846912092,0.0,0.0,0.0,0.0
2024-12-02,0.0,0.4875421261338068,0.0,0.0,0.0,0.0
2024-12-03,0.0,0.40631493813967756,0.0,0.0,0.0,0.0
2024-12-04,0.0,0.0,0.0,0.0,0.0,0.0
2024-12-05,0.0,0.0,0.0,0.0,0.0,0.0
2024-12-06,0.0,0.0,0.0,0.0,0.0,0.0
2024-12-09,0.0,0.0,0.0,0.0,0.0,0.0
2024-12-10,0.0,0.0,0.0,0.0,0.0,0.0
2024-12-11,0.0,0.0,0.0,0.0,0.0,0.0
2024-12-12,0.0,0.0,0.0,0.0,0.0,0.0
2024-12-13,0.0,0.0,0.0,0.0,0.0,0.0
2024-12-16,0.0,0.0,0.0,0.0,0.0,0.0
2024-12-17,0.0,0.0,0.0,0.0,0.0,0.0
2024-12-18,0.0,0.0,0.0,0.0,0.0,0.0
2024-12-19,0.0,0.0,0.0,0.0,0.0,0.0
2024-12-20,0.0,0.0,0.0,0.0,0.0,0.0
2024-12-23,0.0,0.0,0.0,0.0,0.0,0.0
2024-12-24,0.0,0.0,0.0,0.0,0.0,0.0
2024-12-25,0.0,0.0,0.0,0.0,0.0,0.0
2024-12-26,0.0,0.0,0.0,0.0,0.0,0.0
2024-12-27,0.0,0.0,0.0,0.0,0.0,0.0
2024-12-30,0.0,0.0,0.0,0.0,0.0,0.0
2024-12-31,0.0,0.0,0.0,0.0,0.0,0.0
2025-01-02,0.0,0.0,0.0,0.0,0.0,0.0
2025-01-03,0.0,0.0,0.0,0.0,0.0,0.0
2025-01-06,0.0,0.0,0.0,0.0,0.0,0.0
2025-01-07,0.0,0.0,0.0,0.0,0.0,0.0
2025-01-08,0.0,0.0,0.0,0.0,0.0,0.0
2025-01-09,0.0,0.0,0.0,0.0,0.0,0.0
2025-01-10,0.0,0.0,0.0,0.0,0.0,0.0
2025-01-13,0.0,0.0,0.0,0.0,0.0,0.0
2025-01-14,0.0,0.0,0.0,0.0,0.0,0.0
2025-01-15,0.0,0.0,0.0,0.0,0.0,0.0
2025-01-16,0.0,0.0,0.0,0.0,0.0,0.0
2025-01-17,0.0,0.0,0.0,0.0,0.0,0.0
2025-01-20,0.0,0.0,0.0,0.0,0.0,0.0
2025-01-21,0.0,0.0,0.0,0.0,0.8424136369284896,0.0
2025-01-22,0.0,0.0,0.0,0.0,0.8413825444629172,0.0
2025-01-23,0.0,0.0,0.0,0.0,0.8353509102015844,0.0
2025-01-24,0.0,0.0,0.0,0.0,0.825704087078375,0.0
2025-01-27,0.0,0.0,0.0,0.0,0.8304796357782427,0.0
2025-02-05,0.0,0.0,0.0,0.0,0.8091847044160073,0.0
2025-02-06,0.0,0.0,0.0,0.0,0.8454335592108051,0.0
2025-02-07,0.0,0.0,0.0,0.0,0.8131716737712748,0.0
2025-02-10,0.0,0.0,0.0,0.0,0.8129281756219185,0.0
2025-02-11,0.0,0.0,0.0,0.0,0.8085320970678714,0.0
2025-02-12,0.45056099104905284,0.0,0.0,0.0,0.7102167751278741,0.0
2025-02-13,0.7302320096987853,0.0,0.0,0.0,0.0,0.0
2025-02-14,0.0,0.0,0.0,0.0,0.0,0.0
2025-02-17,0.0,0.6453460284058781,0.0,0.0,0.0,0.0
2025-02-18,0.0,0.6447469465635904,0.0,0.0,0.29210681442989234,0.0
2025-02-19,0.0,0.46098737606039186,0.0,0.0,0.2983983644262124,0.0
2025-02-20,0.0,0.40964820399028906,0.0,0.0,0.3454272495531437,0.0
2025-02-21,0.0,0.36595237433602845,0.0,0.0,0.4877913513548351,0.0
2025-02-24,0.0,0.36134740426707024,0.0,0.0,0.4357261470496165,0.0
2025-02-25,0.0,0.40209264014868473,0.0,0.0,0.3630488719816307,0.0
2025-02-26,0.0,0.5728082991719102,0.0,0.0,0.0,0.0
2025-02-27,0.0,0.5748251523064593,0.0,0.0,0.0,0.0
2025-02-28,0.0,0.5737279928110781,0.0,0.0,0.0,0.0
2025-03-03,0.0,0.43796840944895404,0.0,0.0,0.2729555939819054,0.0
2025-03-04,0.0,0.3613263859148991,0.0,0.0,0.4327885056219689,0.0
2025-03-05,0.0,0.5009699907383377,0.0,0.0,0.0,0.0
2025-03-06,0.0,0.6180953212333807,0.0,0.0,0.0,0.0
2025-03-07,0.0,0.6231403143807385,0.0,0.0,0.0,0.0
2025-03-10,0.0,0.6184226805172918,0.0,0.0,0.0,0.0
2025-03-11,0.0,0.6107764252051586,0.0,0.0,0.0,0.0
2025-03-12,0.0,0.6196947494068312,0.0,0.0,0.0,0.0
2025-03-13,0.0,0.6548383746737299,0.0,0.0,0.0,0.0
2025-03-14,0.0,0.6526582990332561,0.0,0.0,0.0,0.0
2025-03-17,0.0,0.0,0.0,0.0,0.0,0.0
2025-03-18,0.0,0.0,0.0,0.0,0.0,0.0
2025-03-19,0.0,0.0,0.0,0.0,0.0,0.0
2025-03-20,0.0,0.0,0.0,0.769778854243852,0.0,0.0
2025-03-21,0.0,0.0,0.0,0.7743806259179724,0.0,0.0
2025-03-24,0.0,0.0,0.0,0.8038534217340805,0.0,0.0
2025-03-25,0.0,0.0,0.0,0.8046145064408212,0.0,0.0
2025-03-26,0.0,0.0,0.0,0.8028675054068958,0.0,0.0
2025-03-27,0.0,0.0,0.0,0.8132608835930163,0.0,0.0
2025-03-28,0.0,0.0,0.0,0.8191195221803245,0.0,0.0
2025-03-31,0.0,0.0,0.0,0.875,0.0,0.0
2025-04-01,0.0,0.0,0.0,0.875,0.0,0.0
2025-04-02,0.0,0.0,0.0,0.875,0.0,0.0
2025-04-03,0.0,0.0,0.0,0.875,0.0,0.0
2025-04-07,0.0,0.0,0.0,0.875,0.0,0.0
2025-04-08,0.0,0.0,0.0,0.7374390918805306,0.0,0.0
2025-04-09,0.0,0.0,0.0,0.7450889779591457,0.0,0.0
2025-04-10,0.0,0.0,0.0,0.7491415634864156,0.0,0.0
2025-04-11,0.0,0.0,0.0,0.692501990047646,0.0,0.0
2025-04-14,0.0,0.0,0.0,0.6945105997864022,0.0,0.0
2025-04-15,0.0,0.0,0.0,0.7215841891463598,0.0,0.0
2025-04-16,0.0,0.0,0.0,0.7264113735185309,0.0,0.0
2025-04-17,0.0,0.0,0.0,0.6887662710268475,0.0,0.0
2025-04-18,0.0,0.0,0.0,0.6893526708888741,0.0,0.0
2025-04-21,0.0,0.0,0.0,0.6919333453862012,0.0,0.0
2025-04-22,0.0,0.0,0.0,0.6933222781816565,0.0,0.0
2025-04-23,0.0,0.0,0.0,0.6399646400986567,0.0,0.0
2025-04-24,0.0,0.0,0.0,0.4470744460262652,0.0,0.0
2025-04-25,0.0,0.0,0.0,0.4468850560253424,0.0,0.0
2025-04-28,0.0,0.0,0.0,0.44450538623527297,0.0,0.0
2025-04-29,0.0,0.0,0.0,0.44803174132928947,0.0,0.0
2025-04-30,0.0,0.0,0.0,0.44953406815531943,0.0,0.0
2025-05-06,0.0,0.0,0.0,0.44952758227153977,0.0,0.0
2025-05-07,0.0,0.0,0.0,0.44949033471428645,0.0,0.0
2025-05-08,0.0,0.0,0.0,0.45029142629833857,0.0,0.0
2025-05-09,0.0,0.0,0.0,0.4972619580049561,0.0,0.0
2025-05-12,0.0,0.38740147299529026,0.0,0.3725168892285318,0.0,0.0
2025-05-13,0.0,0.19004410128704766,0.484967500315679,0.0,0.0,0.0
2025-05-14,0.0,0.0,0.4983153654751452,0.0,0.0,0.0
2025-05-15,0.0,0.0,0.5052253282769085,0.0,0.0,0.0
2025-05-16,0.0,0.0,0.47596562127228004,0.0,0.0,0.0
2025-05-19,0.0,0.0,0.0,0.0,0.0,0.0
2025-05-20,0.0,0.0,0.0,0.0,0.0,0.0
2025-05-21,0.0,0.0,0.5329456838612456,0.0,0.0,0.0
2025-05-22,0.0,0.0,0.5334694413021616,0.0,0.0,0.0
2025-05-23,0.0,0.0,0.0,0.0,0.0,0.0
2025-05-26,0.0,0.0,0.0,0.0,0.0,0.0
2025-05-27,0.0,0.0,0.0,0.0,0.0,0.0
2025-05-28,0.0,0.0,0.0,0.0,0.0,0.0
2025-05-29,0.0,0.0,0.0,0.0,0.0,0.0
2025-05-30,0.0,0.0,0.0,0.0,0.0,0.0
2025-06-03,0.0,0.0,0.0,0.0,0.0,0.0
2025-06-04,0.0,0.0,0.0,0.0,0.0,0.0
2025-06-05,0.0,0.0,0.0,0.0,0.0,0.0
2025-06-06,0.0,0.0,0.0,0.0,0.0,0.0
2025-06-09,0.0,0.0,0.0,0.0,0.0,0.0
2025-06-10,0.0,0.0,0.0,0.0,0.0,0.0
2025-06-11,0.0,0.0,0.0,0.0,0.0,0.0
2025-06-12,0.0,0.0,0.0,0.0,0.875,0.0
2025-06-13,0.0,0.0,0.0,0.0,0.875,0.0
2025-06-16,0.0,0.0,0.0,0.0,0.875,0.0
2025-06-17,0.0,0.0,0.0,0.0,0.875,0.0
2025-06-18,0.0,0.0,0.0,0.0,0.875,0.0
2025-06-19,0.0,0.0,0.0,0.0,0.875,0.0
2025-06-20,0.0,0.0,0.0,0.0,0.875,0.0
2025-06-23,0.0,0.0,0.0,0.0,0.875,0.0
2025-06-24,0.0,0.0,0.0,0.0,0.0,0.0
2025-06-25,0.0,0.0,0.875,0.0,0.0,0.0
2025-06-26,0.0,0.0,0.8745639297827018,0.0,0.0,0.0
2025-06-27,0.0,0.0,0.0,0.0,0.0,0.0
2025-06-30,0.0,0.0,0.0,0.0,0.0,0.0
2025-07-01,0.0,0.0,0.0,0.0,0.0,0.0
2025-07-02,0.0,0.0,0.0,0.0,0.0,0.0
2025-07-03,0.0,0.0,0.8311111496368389,0.0,0.0,0.0
2025-07-04,0.0,0.0,0.8300967092098382,0.0,0.0,0.0
2025-07-07,0.0,0.0,0.8456266733489105,0.0,0.0,0.0
2025-07-08,0.0,0.0,0.8301073908914877,0.0,0.0,0.0
2025-07-09,0.0,0.0,0.8657318676480875,0.0,0.0,0.0
2025-07-10,0.0,0.0,0.8606974845162559,0.0,0.0,0.0
2025-07-11,0.0,0.0,0.875,0.0,0.0,0.0
2025-07-14,0.0,0.0,0.875,0.0,0.0,0.0
2025-07-15,0.585676137970323,0.0,0.6727322307909263,0.0,0.0,0.0
2025-07-16,0.875,0.0,0.0,0.0,0.0,0.0
2025-07-17,0.875,0.0,0.0,0.0,0.0,0.0
2025-07-18,0.875,0.0,0.0,0.0,0.0,0.0
2025-07-21,0.875,0.0,0.0,0.0,0.0,0.0
2025-07-22,0.8547082124342076,0.0,0.0,0.0,0.0,0.0
2025-07-23,0.7993506894360329,0.0,0.0,0.0,0.0,0.0
2025-07-24,0.7412941037584945,0.0,0.0,0.0,0.0,0.0
2025-07-25,0.0,0.0,0.0,0.0,0.0,0.0
2025-07-28,0.0,0.0,0.0,0.0,0.0,0.0
2025-07-29,0.7418027259170149,0.0,0.0,0.0,0.0,0.0
2025-07-30,0.7414841180238914,0.0,0.0,0.0,0.0,0.0
2025-07-31,0.713708180557512,0.0,0.0,0.0,0.0,0.0
2025-08-01,0.6858085811865425,0.0,0.0,0.0,0.0,0.0
2025-08-04,0.6859529836342054,0.0,0.0,0.0,0.0,0.0
2025-08-05,0.6882741625787393,0.0,0.0,0.0,0.0,0.0
2025-08-06,0.6928219679690666,0.0,0.0,0.0,0.0,0.0
2025-08-07,0.6885920753352001,0.0,0.0,0.0,0.0,0.0
2025-08-08,0.0,0.0,0.0,0.0,0.0,0.0
2025-08-11,0.0,0.0,0.0,0.0,0.0,0.0
2025-08-12,0.0,0.0,0.0,0.0,0.0,0.0
2025-08-13,0.0,0.0,0.0,0.0,0.0,0.0
2025-08-14,0.0,0.0,0.0,0.0,0.0,0.0
2025-08-15,0.0,0.0,0.7292526975244016,0.0,0.0,0.0
2025-08-18,0.0,0.0,0.7294304165007208,0.0,0.0,0.0
2025-08-19,0.0,0.0,0.875,0.0,0.0,0.0
2025-08-20,0.0,0.0,0.875,0.0,0.0,0.0
2025-08-21,0.0,0.0,0.875,0.0,0.0,0.0
2025-08-22,0.0,0.0,0.875,0.0,0.0,0.0
2025-08-25,0.0,0.0,0.875,0.0,0.0,0.0
2025-08-26,0.0,0.3958945407622874,0.7399925046186818,0.0,0.0,0.0
2025-08-27,0.0,0.5598360009845817,0.39552277499664495,0.0,0.0,0.0
2025-08-28,0.0,0.4031007309763989,0.5879418779641202,0.0,0.0,0.0
2025-08-29,0.0,0.49176411558213223,0.4603134725817506,0.0,0.0,0.0
2025-09-01,0.0,0.47916498053790413,0.4657320970248239,0.0,0.0,0.0
2025-09-02,0.0,0.4666045082759284,0.48286059985482294,0.0,0.0,0.0
2025-09-03,0.0,0.2448941734560633,0.6518011374127007,0.0,0.0,0.0
2025-09-04,0.0,0.0,0.6533060352807332,0.0,0.0,0.0
2025-09-05,0.0,0.0,0.6039361148741594,0.0,0.0,0.0
2025-09-08,0.0,0.34762028232130227,0.5267681873760057,0.0,0.0,0.0
2025-09-09,0.0,0.5739557290166429,0.0,0.0,0.0,0.0
2025-09-10,0.0,0.0,0.0,0.0,0.0,0.0
2025-09-11,0.0,0.0,0.5659779491043657,0.0,0.0,0.0
2025-09-12,0.0,0.0,0.5659394475517193,0.0,0.0,0.0
2025-09-15,0.0,0.0,0.5623773161244374,0.0,0.0,0.0
2025-09-16,0.0,0.0,0.5646791620761192,0.0,0.0,0.0
2025-09-17,0.0,0.0,0.0,0.0,0.0,0.0
2025-09-18,0.0,0.0,0.0,0.0,0.0,0.0
2025-09-19,0.0,0.0,0.0,0.0,0.0,0.0
2025-09-22,0.0,0.0,0.0,0.0,0.0,0.0
2025-09-23,0.0,0.0,0.0,0.0,0.0,0.0
2025-09-24,0.0,0.0,0.0,0.0,0.0,0.0
2025-09-25,0.0,0.0,0.0,0.0,0.0,0.0
2025-09-26,0.0,0.0,0.0,0.0,0.0,0.0
2025-09-29,0.0,0.0,0.0,0.0,0.0,0.0
2025-09-30,0.0,0.0,0.0,0.0,0.0,0.0
2025-10-09,0.0,0.0,0.0,0.0,0.0,0.0
2025-10-10,0.0,0.0,0.0,0.0,0.0,0.0
2025-10-13,0.0,0.0,0.0,0.0,0.0,0.0
2025-10-14,0.0,0.0,0.0,0.0,0.0,0.0
2025-10-15,0.0,0.0,0.0,0.875,0.0,0.0
2025-10-16,0.0,0.0,0.0,0.875,0.0,0.0
2025-10-17,0.0,0.0,0.0,0.875,0.0,0.0
2025-10-20,0.0,0.0,0.0,0.875,0.0,0.0
2025-10-21,0.0,0.0,0.0,0.6829654878210144,0.0,0.0
2025-10-22,0.0,0.0,0.0,0.6102463624626934,0.0,0.0
2025-10-23,0.0,0.0,0.0,0.4944068671785796,0.0,0.0
2025-10-24,0.0,0.0,0.0,0.5070863688100701,0.0,0.0
2025-10-27,0.0,0.0,0.0,0.5067671289013954,0.0,0.0
2025-10-28,0.0,0.0,0.0,0.0,0.0,0.0
2025-10-29,0.0,0.0,0.0,0.0,0.0,0.0
2025-10-30,0.0,0.0,0.0,0.0,0.0,0.0
2025-10-31,0.0,0.0,0.0,0.0,0.0,0.0
2025-11-03,0.0,0.0,0.0,0.0,0.0,0.0
2025-11-04,0.0,0.0,0.0,0.0,0.0,0.0
2025-11-05,0.0,0.0,0.0,0.0,0.0,0.0
2025-11-06,0.0,0.0,0.0,0.0,0.0,0.0
2025-11-07,0.0,0.0,0.0,0.0,0.0,0.0
2025-11-10,0.0,0.0,0.0,0.0,0.0,0.0
2025-11-11,0.0,0.0,0.0,0.0,0.0,0.0
2025-11-12,0.0,0.0,0.0,0.0,0.0,0.0
2025-11-13,0.0,0.0,0.0,0.0,0.0,0.0
2025-11-14,0.0,0.0,0.0,0.0,0.0,0.0
2025-11-17,0.0,0.0,0.0,0.0,0.0,0.0
2025-11-18,0.0,0.0,0.0,0.0,0.0,0.0
2025-11-19,0.0,0.0,0.0,0.0,0.0,0.0
2025-11-20,0.0,0.0,0.0,0.0,0.0,0.0
2025-11-21,0.0,0.0,0.0,0.0,0.0,0.0
2025-11-24,0.0,0.0,0.0,0.0,0.0,0.0
2025-11-25,0.0,0.0,0.0,0.0,0.0,0.0
2025-11-26,0.0,0.0,0.0,0.0,0.0,0.0
2025-11-27,0.0,0.0,0.0,0.0,0.0,0.0
2025-11-28,0.0,0.0,0.0,0.0,0.0,0.0
2025-12-01,0.0,0.0,0.0,0.0,0.0,0.0
2025-12-02,0.0,0.0,0.0,0.0,0.0,0.0
2025-12-03,0.0,0.0,0.0,0.0,0.0,0.0
2025-12-04,0.0,0.0,0.0,0.0,0.0,0.0
2025-12-05,0.0,0.0,0.0,0.0,0.0,0.0
2025-12-08,0.0,0.0,0.0,0.0,0.0,0.0
2025-12-09,0.0,0.0,0.0,0.0,0.0,0.0
2025-12-10,0.0,0.0,0.0,0.0,0.0,0.0
2025-12-11,0.0,0.0,0.0,0.0,0.0,0.0
2025-12-12,0.0,0.0,0.0,0.0,0.0,0.0
2025-12-15,0.0,0.0,0.0,0.0,0.0,0.0
2025-12-16,0.0,0.0,0.0,0.0,0.0,0.0
2025-12-17,0.0,0.0,0.0,0.0,0.0,0.0
2025-12-18,0.0,0.0,0.0,0.852843573419218,0.0,0.0
2025-12-19,0.0,0.0,0.0,0.8517970464503178,0.0,0.0
2025-12-22,0.0,0.0,0.0,0.8496616285451781,0.0,0.0
2025-12-23,0.0,0.0,0.0,0.875,0.0,0.0
2025-12-24,0.0,0.0,0.0,0.875,0.0,0.0
2025-12-25,0.0,0.0,0.0,0.875,0.0,0.0
2025-12-26,0.0,0.0,0.0,0.0,0.0,0.0
2025-12-29,0.0,0.0,0.0,0.0,0.0,0.0
2025-12-30,0.0,0.0,0.0,0.0,0.0,0.0
2025-12-31,0.0,0.0,0.0,0.0,0.0,0.0
2026-01-05,0.0,0.0,0.0,0.0,0.0,0.0
2026-01-06,0.0,0.0,0.0,0.0,0.0,0.0
2026-01-07,0.875,0.0,0.0,0.0,0.0,0.0
2026-01-08,0.875,0.0,0.0,0.0,0.0,0.0
2026-01-09,0.875,0.0,0.0,0.0,0.0,0.0
2026-01-12,0.875,0.0,0.0,0.0,0.0,0.0
2026-01-13,0.875,0.0,0.0,0.0,0.0,0.0
2026-01-14,0.875,0.0,0.0,0.0,0.0,0.0
2026-01-15,0.875,0.0,0.0,0.0,0.0,0.0
2026-01-16,0.875,0.0,0.0,0.0,0.0,0.0
2026-01-19,0.7068172190352626,0.7077089981054152,0.0,0.0,0.0,0.0
2026-01-20,0.0,0.7101893015704829,0.0,0.0,0.0,0.0
2026-01-21,0.0,0.6542181974895923,0.0,0.0,0.0,0.0
2026-01-22,0.0,0.7587921844373761,0.0,0.0,0.0,0.0
2026-01-23,0.0,0.0,0.0,0.0,0.0,0.0
2026-01-26,0.0,0.0,0.0,0.0,0.0,0.0
2026-01-27,0.0,0.0,0.0,0.7176593556970436,0.0,0.0
2026-01-28,0.0,0.0,0.0,0.728983484525046,0.0,0.0
2026-01-29,0.0,0.0,0.0,0.617400292232249,0.0,0.0
2026-01-30,0.0,0.0,0.0,0.4743049693549702,0.0,0.0
2026-02-02,0.0,0.0,0.0,0.3751372953383408,0.0,0.0
2026-02-03,0.0,0.0,0.0,0.22574119076422017,0.0,0.0
2026-02-04,0.0,0.0,0.0,0.25145892090600275,0.0,0.0
2026-02-05,0.0,0.0,0.0,0.26237616387633156,0.0,0.0
2026-02-06,0.0,0.0,0.0,0.2546218500188443,0.0,0.0
2026-02-09,0.0,0.0,0.0,0.24985385062917007,0.0,0.0
2026-02-10,0.0,0.0,0.0,0.26042298585681234,0.0,0.0
2026-02-11,0.0,0.0,0.0,0.25917817170749335,0.0,0.0
2026-02-12,0.0,0.0,0.0,0.0,0.0,0.0
2026-02-13,0.0,0.0,0.0,0.0,0.0,0.0
2026-02-24,0.0,0.0,0.0,0.0,0.0,0.0
2026-02-25,0.0,0.0,0.0,0.0,0.0,0.0
2026-02-26,0.0,0.0,0.0,0.0,0.0,0.0
2026-02-27,0.0,0.0,0.0,0.0,0.0,0.0
2026-03-02,0.0,0.0,0.0,0.0,0.0,0.0
2026-03-03,0.0,0.0,0.0,0.0,0.0,0.0
2026-03-04,0.0,0.0,0.0,0.0,0.0,0.0
2026-03-05,0.0,0.0,0.0,0.0,0.27558199031388986,0.0
2026-03-06,0.0,0.0,0.0,0.0,0.2850318135626288,0.0
2026-03-09,0.0,0.0,0.0,0.0,0.3268430000245762,0.0
2026-03-10,0.0,0.0,0.0,0.0,0.37876044376751705,0.0
2026-03-11,0.0,0.0,0.0,0.0,0.7799291701998919,0.0
2026-03-12,0.0,0.0,0.0,0.0,0.875,0.0
2026-03-13,0.4944861489214544,0.0,0.0,0.0,0.5794165645201961,0.0
