Date,Asset,Action,Pre_Position,Post_Position,Position_Change,Executed_Price,Signal_Score,Regime
2023-05-25,IF,open_long,0.0,0.875,0.875,4986.729583143686,1.0773692078548578,trend
2023-05-26,IF,reduce_long,0.875,0.8377552784365002,-0.03724472156349978,4997.137576012236,0.8534740607746233,trend
2023-05-29,IF,close_long,0.8377552784365002,0.0,-0.8377552784365002,4976.321590275136,0.8780500461715166,trend
2023-05-30,IF,open_long,0.0,0.875,0.875,4977.102189740278,1.3507384117187051,trend
2023-06-01,IF,close_long,0.875,0.0,-0.875,4941.194614343783,-0.3676782194144882,trend
2023-06-15,I,open_long,0.0,0.875,0.875,3677.927954267614,1.4149948399040886,trend
2023-06-26,I,close_long,0.875,0.0,-0.875,3594.492433539287,0.2077888563330401,trend
2023-06-27,I,open_long,0.0,0.875,0.875,3716.26319352117,1.1991633662389083,trend
2023-07-03,I,close_long,0.875,0.0,-0.875,3693.713052783784,-1.1877542088350863,trend
2023-07-12,M,open_long,0.0,0.875,0.875,6365.464470429704,1.2980914563497783,trend
2023-08-02,M,reduce_long,0.875,0.8738022856684721,-0.0011977143315279326,6818.0079825214725,1.6892606660655105,trend
2023-08-03,M,increase_long,0.8738022856684721,0.8740100790738267,0.0002077934053545949,6791.2953446549445,1.6773633039831994,trend
2023-08-04,M,reduce_long,0.8740100790738267,0.8602423406191668,-0.01376773845465984,6833.721298913549,1.649676077318894,trend
2023-08-07,M,increase_long,0.8602423406191668,0.8614519501583942,0.0012096095392273298,6758.428461937062,1.563238623958821,trend
2023-08-08,M,reduce_long,0.8614519501583942,0.8059978955982734,-0.05545405456012076,6733.330849611566,1.5494172412937337,trend
2023-08-09,M,reduce_long,0.8059978955982734,0.7968226076167038,-0.009175287981569635,6858.818911239045,1.557172964117147,trend
2023-08-10,M,reduce_long,0.7968226076167038,0.7542998564444734,-0.042522751172230366,6878.5384637805055,1.605302858424141,trend
2023-08-11,M,increase_long,0.7542998564444734,0.7851550375817617,0.030855181137288357,6917.977568863427,1.702563242056513,trend
2023-08-14,M,increase_long,0.7851550375817617,0.7882575077236098,0.003102470141848057,6961.002047135706,1.6878172584377504,trend
2023-08-15,M,increase_long,0.7882575077236098,0.7965471770668219,0.00828966934321207,7016.5753315707325,1.6956161458315897,trend
2023-08-16,M,increase_long,0.7965471770668219,0.7974426328609405,0.0008954557941186492,6991.477719245237,1.7096441877723876,trend
2023-08-17,M,increase_long,0.7974426328609405,0.8722508825231113,0.07480824966217081,7102.624288115288,1.686713630665694,trend
2023-08-18,M,reduce_long,0.8722508825231113,0.8400736881680978,-0.03217719435501354,7188.673244659845,1.562335538367965,trend
2023-08-21,M,increase_long,0.8400736881680978,0.8635211432564275,0.023447455088329683,7328.502799044751,1.5418919108897322,trend
2023-08-22,M,reduce_long,0.8635211432564275,0.8109854842453896,-0.05253565901103785,7124.136527251428,1.530897778279959,trend
2023-08-23,M,reduce_long,0.8109854842453896,0.6481892577032786,-0.162796226542111,7133.099960224819,1.5146342862679976,trend
2023-08-24,M,increase_long,0.6481892577032786,0.6511624253012608,0.0029731675979821626,7165.368318929028,1.416111174582794,trend
2023-08-25,M,increase_long,0.6511624253012608,0.6578921093931575,0.0067296840918966705,7305.197873313933,1.391620778687663,trend
2023-08-28,M,increase_long,0.6578921093931575,0.6588819801549755,0.0009898707618180014,7387.661456669133,1.5029949034614307,trend
2023-08-29,M,increase_long,0.6588819801549755,0.6677872494849623,0.008905269329986809,7428.893248346733,1.5552145607240326,trend
2023-08-30,M,increase_long,0.6677872494849623,0.6818932115670922,0.014105962082129886,7414.5517555893075,1.5190864973465106,trend
2023-08-31,M,reduce_long,0.6818932115670922,0.6788721334112793,-0.003021078155812873,7416.344442183985,1.3833232235606363,trend
2023-09-01,M,increase_long,0.6788721334112793,0.6860965605808859,0.007224427169606584,7358.978471154281,1.4459336979146304,trend
2023-09-04,M,reduce_long,0.6860965605808859,0.6733098637551493,-0.012786696825736521,7228.112349742767,1.4764155837010071,trend
2023-09-05,M,reduce_long,0.6733098637551493,0.6589122870874222,-0.014397576667727119,7324.917425855394,1.3651886214473146,trend
2023-09-06,M,reduce_long,0.6589122870874222,0.6587800698628067,-0.00013221722461553842,7412.759068994629,1.3969813143954657,trend
2023-09-07,M,increase_long,0.6587800698628067,0.6828768441123042,0.02409677424949752,7416.344442183985,1.400727386865937,trend
2023-09-08,M,reduce_long,0.6828768441123042,0.6816539077550993,-0.00122293635720494,7281.8929475831155,1.2370466723338682,trend
2023-09-11,M,reduce_long,0.6816539077550993,0.641132183449473,-0.04052172430562628,7355.393097964924,1.3072493313535405,trend
2023-09-12,M,reduce_long,0.641132183449473,0.6384155340366079,-0.002716649412865091,7272.929514609724,1.1651222426187513,neutral
2023-09-13,M,close_long,0.6384155340366079,0.0,-0.6384155340366079,7161.782945739672,0.91259712064315,neutral
2023-09-19,AU,open_long,0.0,0.7155522528419073,0.7155522528419073,405.5256878349804,1.2192257648503435,trend
2023-09-20,AU,increase_long,0.7155522528419073,0.875,0.15944774715809273,406.8895247587336,1.4198905074117112,trend
2023-09-27,AU,close_long,0.875,0.0,-0.875,403.0224428483447,-0.077631186913712,neutral
2023-10-11,M,open_long,0.0,0.875,0.875,6788.904134046592,1.2303375745445508,trend
2023-10-17,M,reduce_long,0.875,0.8302308214611437,-0.044769178538856313,6962.794733730384,0.3269948852418489,neutral
2023-10-18,M,close_long,0.8302308214611437,0.0,-0.8302308214611437,6978.928913082488,0.9457777486777056,neutral
2023-11-01,I,open_long,0.0,0.875,0.875,4694.520893769932,1.0934846489354948,trend
2023-11-03,AU,open_long,0.0,0.875,0.875,411.56845802826496,1.2446391340705691,trend
2023-11-03,I,close_long,0.875,0.0,-0.875,4720.048467961176,0.3415212084220404,trend
2023-11-07,AU,close_long,0.875,0.0,-0.875,407.95367859765287,0.6001058694312341,trend
2023-11-08,M,open_long,0.0,0.875,0.875,7402.002949426559,1.475753537241132,trend
2023-11-10,I,open_long,0.0,0.5287094445309369,0.5287094445309369,4908.952516976388,1.2035571377216714,trend
2023-11-10,M,reduce_long,0.875,0.6154616015873402,-0.2595383984126598,7220.941603364055,0.0363019626573036,neutral
2023-11-13,I,increase_long,0.5287094445309369,0.875,0.34629055546906307,4934.480091167633,1.5521063436622775,trend
2023-11-13,M,close_long,0.6154616015873402,0.0,-0.6154616015873402,7274.722201204402,-0.0557827003272864,neutral
2023-11-22,I,reduce_long,0.875,0.8572387951897986,-0.01776120481020138,5072.328991800356,1.5719786107007765,trend
2023-11-23,I,reduce_long,0.8572387951897986,0.7902757614229515,-0.06696303376684709,4985.535239550123,0.9753955389356068,trend
2023-11-24,I,reduce_long,0.7902757614229515,0.7285563952413991,-0.06171936618155238,5036.590387932612,1.2721202510577676,trend
2023-11-27,I,reduce_long,0.7285563952413991,0.7114173704268668,-0.017139024814532333,5005.957298903119,1.461383020724981,trend
2023-11-28,I,reduce_long,0.7114173704268668,0.7070988931933061,-0.0043184772335607136,4855.344611174774,1.3617821004077573,trend
2023-11-29,I,reduce_long,0.7070988931933061,0.6247646657707105,-0.08233422742259555,4878.319427946894,1.4449829764357611,trend
2023-11-30,I,reduce_long,0.6247646657707105,0.6215647837883325,-0.0031998819823780833,4949.79663568238,1.4302982741814143,trend
2023-12-01,I,reduce_long,0.6215647837883325,0.6145366386268204,-0.007028145161512067,4980.429724711874,1.5723271334854725,trend
2023-12-04,I,reduce_long,0.6145366386268204,0.6114823202502664,-0.0030543183765540105,4891.083215042517,1.0453565942111855,neutral
2023-12-05,I,close_long,0.6114823202502664,0.0,-0.6114823202502664,4931.927333748508,1.0870170034320654,neutral
2023-12-07,I,open_long,0.0,0.5945011782333782,0.5945011782333782,5079.987264057729,1.2907619603567586,trend
2023-12-08,I,increase_long,0.5945011782333782,0.5948140297816683,0.0003128515482900829,5174.439288565335,1.3465887148467974,trend
2023-12-11,I,increase_long,0.5948140297816683,0.6374629524178063,0.042648922636137954,5141.2534421167165,0.7836359436608328,neutral
2023-12-12,I,increase_long,0.6374629524178063,0.6407438488464978,0.00328089642869156,5219.314358253568,1.3296345517537271,trend
2023-12-13,I,reduce_long,0.6407438488464978,0.6276548482568034,-0.013089000589694422,5103.56886191272,1.221563756293456,trend
2023-12-14,I,reduce_long,0.6276548482568034,0.5983267378352837,-0.029328110421519726,5071.267793166437,1.011441283266552,trend
2023-12-15,I,reduce_long,0.5983267378352837,0.555599943965193,-0.04272679387009071,5033.5832129624405,0.8781706180641383,neutral
2023-12-18,I,close_long,0.555599943965193,0.0,-0.555599943965193,4995.898632758444,0.2701288799619169,range
2023-12-21,TL,open_long,0.0,0.7214923379180871,0.7214923379180871,102.05333636183693,1.7435690461847158,trend
2023-12-22,TL,increase_long,0.7214923379180871,0.770730538909628,0.04923820099154086,102.21451032114888,1.665187944058837,trend
2023-12-25,TL,increase_long,0.770730538909628,0.795854238610253,0.025123699700625002,102.93979313805266,1.6802949150171718,trend
2023-12-26,TL,reduce_long,0.795854238610253,0.7860231488139668,-0.009831089796286108,102.56707835714376,1.4171237216006365,trend
2023-12-27,TL,increase_long,0.7860231488139668,0.875,0.08897685118603316,102.58722510205776,1.3188886600432426,trend
2023-12-28,AU,open_long,0.0,0.5978178891700323,0.5978178891700323,416.21603158190914,1.4639931190197637,trend
2023-12-29,AU,increase_long,0.5978178891700323,0.875,0.2771821108299677,414.5807742204417,1.0973412775270746,neutral
2023-12-29,TL,close_long,0.875,0.0,-0.875,102.42605114274582,0.9130964077495493,trend
2024-01-02,AU,close_long,0.875,0.0,-0.875,415.97504628653496,1.0790382708715591,range
2024-01-03,AU,open_long,0.0,0.875,0.875,415.458649225019,1.0588746082386469,trend
2024-01-04,AU,reduce_long,0.875,0.3870615368837629,-0.4879384631162371,413.7919347630964,0.728167687236011,trend
2024-01-04,TL,open_long,0.0,0.875,0.875,102.5066381224018,1.285549560372841,trend
2024-01-05,AU,close_long,0.3870615368837629,0.0,-0.3870615368837629,414.4276918258916,0.877756067090663,trend
2024-01-12,TL,close_long,0.875,0.0,-0.875,102.8189126685687,0.8707092657117415,trend
2024-01-15,AU,open_long,0.0,0.875,0.875,415.458649225019,1.0780561456765896,trend
2024-01-17,AU,close_long,0.875,0.0,-0.875,412.0908550545362,1.0592462618451837,range
2024-01-17,TL,open_long,0.0,0.875,0.875,103.36287478124656,1.0244893757417632,trend
2024-01-19,TL,close_long,0.875,0.0,-0.875,103.72551618969844,0.4848404654225142,trend
2024-01-22,TL,open_long,0.0,0.875,0.875,104.44072563414524,1.4128877612181303,trend
2024-01-24,IF,open_long,0.0,0.712224701148416,0.712224701148416,4242.775698644622,1.596012823303636,trend
2024-01-24,TL,reduce_long,0.875,0.7331405909838548,-0.14185940901614524,104.43065226168822,0.7552994822401382,trend
2024-01-25,IF,increase_long,0.712224701148416,0.875,0.16277529885158404,4334.264123413239,1.0900060999461594,range
2024-01-25,TL,close_long,0.7331405909838548,0.0,-0.7331405909838548,104.30977179220426,-0.7717865268089223,trend
2024-01-26,IF,close_long,0.875,0.0,-0.875,4322.308249721886,0.7759309744274067,trend
2024-01-30,TL,open_long,0.0,0.875,0.875,105.36747590018896,1.07893183828034,trend
2024-02-07,TL,close_long,0.875,0.0,-0.875,105.95173150269478,0.7716097953638619,trend
2024-02-19,IF,open_long,0.0,0.875,0.875,4383.387169666843,1.0269705872768669,trend
2024-02-28,IF,reduce_long,0.875,0.39374999999999993,-0.48125000000000007,4492.289584377214,0.7056122658620352,trend
2024-02-28,TL,open_long,0.0,0.875,0.875,107.80719396910372,1.4236936352809553,trend
2024-02-29,IF,close_long,0.39374999999999993,0.0,-0.39374999999999993,4568.443301585183,0.7900594137338843,trend
2024-02-29,TL,reduce_long,0.875,0.8409963323359765,-0.03400366766402352,108.24080255021602,1.4721247763959318,trend
2024-03-01,IF,open_long,0.0,0.35274223837199664,0.35274223837199664,4600.412268194671,1.352852050214256,trend
2024-03-01,TL,reduce_long,0.8409963323359765,0.8179640049198403,-0.023032327416136145,107.040816011789,0.8747130919739237,trend
2024-03-04,IF,increase_long,0.35274223837199664,0.8290200422463573,0.47627780387436064,4588.716304800955,1.3675387281561449,trend
2024-03-04,TL,close_long,0.8179640049198403,0.0,-0.8179640049198403,107.94836885597748,0.8565282719365815,trend
2024-03-05,IF,reduce_long,0.8290200422463573,0.8283972638029768,-0.000622778443380434,4607.689756528538,1.579055011751516,trend
2024-03-06,IF,reduce_long,0.8283972638029768,0.8283143213200558,-8.294248292106676e-05,4607.1699359332615,1.3296204167526495,trend
2024-03-07,IF,increase_long,0.8283143213200558,0.8285628152809278,0.00024849396087200937,4582.218547360003,1.3892133169687002,trend
2024-03-08,IF,reduce_long,0.8285628152809278,0.8263163139952784,-0.002246501285649405,4601.7118196828615,1.1593227899949845,trend
2024-03-11,IF,increase_long,0.8263163139952784,0.8298630888566443,0.003546774861365898,4665.649752901838,1.201653652207097,trend
2024-03-12,IF,reduce_long,0.8298630888566443,0.7974727289983905,-0.03239035985825378,4676.306075105001,1.228553975359419,trend
2024-03-13,IF,increase_long,0.7974727289983905,0.7990159366369052,0.0015432076385146765,4649.535314448275,1.2686817535384631,trend
2024-03-14,IF,increase_long,0.7990159366369052,0.8205999335526606,0.02158399691575541,4637.219011693438,1.0721432022201614,trend
2024-03-15,AU,open_long,0.0,0.7297010952551629,0.7297010952551629,435.8696887848668,1.017900273745655,trend
2024-03-15,IF,reduce_long,0.8205999335526606,0.5027646003529866,-0.31783533319967394,4654.252196354382,0.9408297668662856,trend
2024-03-18,AU,reduce_long,0.7297010952551629,0.6039945792201518,-0.12570651603501115,432.3357956846746,0.5035291682834132,trend
2024-03-18,IF,increase_long,0.5027646003529866,0.6607847184752899,0.1580201181223032,4693.03544758238,1.2224286872991543,trend
2024-03-19,AU,close_long,0.6039945792201518,0.0,-0.6039945792201518,433.3479301162831,0.9313048253708648,trend
2024-03-19,IF,increase_long,0.6607847184752899,0.8139594024696111,0.15317468399432121,4661.589568208328,0.9905615179553402,trend
2024-03-20,AU,open_long,0.0,0.8065962061897894,0.8065962061897894,433.7939554590257,1.1734099931490851,trend
2024-03-20,IF,close_long,0.8139594024696111,0.0,-0.8139594024696111,4666.830548104003,0.7897384709867957,trend
2024-03-21,AU,increase_long,0.8065962061897894,0.875,0.06840379381021056,442.337056254636,1.4811220839843338,trend
2024-03-22,AU,reduce_long,0.875,0.8390089309551486,-0.03599106904485139,439.5751300938061,1.4236277176834018,trend
2024-03-25,AU,reduce_long,0.8390089309551486,0.8232855605943589,-0.015723370360789746,440.3814066749179,1.4702339512819005,trend
2024-03-26,AU,increase_long,0.8232855605943589,0.875,0.05171443940564113,441.050444689032,1.4439555391033458,trend
2024-04-09,AU,reduce_long,0.875,0.8268649202323646,-0.048135079767635425,477.6931420774322,1.6923401886105829,trend
2024-04-10,AU,reduce_long,0.8268649202323646,0.8267941440883525,-7.077614401207466e-05,479.2885404187812,1.904712109338396,trend
2024-04-11,AU,increase_long,0.8267941440883525,0.8465883023591851,0.01979415827083264,476.2349823030812,1.7533430542067374,trend
2024-04-12,AU,reduce_long,0.8465883023591851,0.8166043068156752,-0.029983995543509945,489.34126545136667,1.7909063083521355,trend
2024-04-15,AU,reduce_long,0.8166043068156752,0.7308228832816788,-0.08578142353399643,483.6630197418346,1.6518721254734288,trend
2024-04-16,AU,reduce_long,0.7308228832816788,0.6932762800863362,-0.03754660319534253,486.3391717982908,1.75631030737537,trend
2024-04-17,AU,increase_long,0.6932762800863362,0.6940505530184785,0.0007742729321422726,487.0082098124048,1.727550909580159,trend
2024-04-18,AU,increase_long,0.6940505530184785,0.7005291790108942,0.006478625992415665,485.0697150535616,1.5618423475238148,trend
2024-04-19,AU,increase_long,0.7005291790108942,0.702243178701175,0.001713999690280854,487.4542351551475,1.5714054444566474,trend
2024-04-22,AU,increase_long,0.702243178701175,0.706452747844569,0.0042095691433939875,478.9797536430362,1.311592358235978,trend
2024-04-23,AU,reduce_long,0.706452747844569,0.6758049977103597,-0.030647750134209284,467.3316302691019,1.0941259222111572,trend
2024-04-24,AU,reduce_long,0.6758049977103597,0.5938406708804497,-0.08196432682991006,472.6153150985154,1.0629736460451538,trend
2024-04-25,AU,reduce_long,0.5938406708804497,0.5818065302666412,-0.012034140613808475,471.9977415470255,0.972610263083598,trend
2024-04-26,AU,reduce_long,0.5818065302666412,0.5732738347289217,-0.008532695537719515,475.6860280350902,1.040835666935599,trend
2024-04-29,AU,increase_long,0.5732738347289217,0.6059845938375199,0.03271075910859822,473.00987597863394,1.148691230826272,trend
2024-04-30,AU,reduce_long,0.6059845938375199,0.522004612898108,-0.08397998093941195,471.32870353291145,0.9186279441490308,neutral
2024-05-06,AU,close_long,0.522004612898108,0.0,-0.522004612898108,468.8412545060772,0.590340490241211,neutral
2024-05-20,IF,open_long,0.0,0.875,0.875,4815.150279151612,1.3043046990858402,trend
2024-05-24,IF,close_long,0.875,0.0,-0.875,4702.469211394595,0.9969907942472496,neutral
2024-06-19,TL,open_long,0.0,0.875,0.875,109.58792218082246,1.8900741189795895,trend
2024-07-08,TL,close_long,0.875,0.0,-0.875,109.27449607254628,0.7954710201636426,range
2024-07-29,TL,open_long,0.0,0.875,0.875,112.15599416476276,1.91316359629428,trend
2024-08-13,TL,close_long,0.875,0.0,-0.875,112.1155520862755,1.582912117778859,neutral
2024-08-14,TL,open_long,0.0,0.875,0.875,112.7727358616933,1.8418024130088968,trend
2024-08-21,TL,close_long,0.875,0.0,-0.875,112.69372856253172,1.0741596897983554,range
2024-09-12,TL,open_long,0.0,0.875,0.875,115.40642469724104,1.9640120975366009,trend
2024-09-26,IF,open_long,0.0,0.4451199459872998,0.4451199459872998,4775.457357196883,1.1563237565108349,trend
2024-09-27,IF,increase_long,0.4451199459872998,0.875,0.4298800540127002,5116.028478988044,1.0920439830431372,trend
2024-09-27,TL,close_long,0.875,0.0,-0.875,112.76484793684992,1.0139072697989662,range
2024-10-08,IF,reduce_long,0.875,0.3653460495986692,-0.5096539504013309,5682.847552579438,1.23438827786226,trend
2024-10-09,IF,reduce_long,0.3653460495986692,0.35852080962532745,-0.0068252399733417235,5231.684086857656,0.976292323316008,trend
2024-10-10,IF,reduce_long,0.35852080962532745,0.32882685450282223,-0.029693955122505222,5348.139157454478,1.0875343719766313,trend
2024-10-11,IF,increase_long,0.32882685450282223,0.32885324857818854,2.6394075366309444e-05,5203.169916253858,1.0931657246088315,trend
2024-10-14,IF,reduce_long,0.32885324857818854,0.3253412277218773,-0.0035120208563112487,5280.184825641688,1.2134319754275644,trend
2024-10-15,IF,increase_long,0.3253412277218773,0.32567471120184677,0.00033348347996947636,5129.352857774867,1.1707440207591124,trend
2024-10-16,IF,reduce_long,0.32567471120184677,0.3221282048777419,-0.003546506324104859,5109.899264746106,1.227026556374151,trend
2024-10-17,IF,reduce_long,0.3221282048777419,0.32189960711515336,-0.00022859776258854492,5037.94761929727,1.4008877289916832,trend
2024-10-18,IF,reduce_long,0.32189960711515336,0.3207656454104515,-0.001133961704701869,5242.343589887114,1.3900424300442864,trend
2024-10-21,IF,reduce_long,0.3207656454104515,0.31911853766032505,-0.001647107750126442,5253.003092916571,1.295485689996571,trend
2024-10-22,IF,increase_long,0.31911853766032505,0.31926763082144943,0.00014909316112438065,5288.179452913781,1.1360664460030787,trend
2024-10-23,IF,increase_long,0.31926763082144943,0.31926906861061577,1.4377891663364117e-06,5306.833583215331,1.3056884307539058,trend
2024-10-24,IF,reduce_long,0.31926906861061577,0.29269764791279185,-0.026571420697823922,5245.807928371688,1.1296212425311825,trend
2024-10-24,IM,open_long,0.0,0.13553568802417382,0.13553568802417382,7103.23659413846,1.0847399449669055,trend
2024-10-25,IF,reduce_long,0.29269764791279185,0.21949233143470928,-0.07320531647808257,5273.789123824013,0.9772419779909208,trend
2024-10-25,IM,increase_long,0.13553568802417382,0.24021329171518127,0.10467760369100745,7282.766270746143,1.2076119719036087,trend
2024-10-28,IF,close_long,0.21949233143470928,0.0,-0.21949233143470928,5292.709741701299,0.7935299907144143,trend
2024-10-28,IM,increase_long,0.24021329171518127,0.31917027330857217,0.0789569815933909,7361.447526572848,1.1679321714803448,trend
2024-10-29,AU,open_long,0.0,0.31926555507470833,0.31926555507470833,536.3491254430207,1.0219725039975232,trend
2024-10-29,IM,reduce_long,0.31917027330857217,0.1288958594022957,-0.19027441390627647,7248.175749608707,0.7546955516077168,trend
2024-10-30,AU,increase_long,0.31926555507470833,0.3210655083018695,0.001799953227161144,542.1387757050047,0.9750749261501622,trend
2024-10-30,IM,close_long,0.1288958594022957,0.0,-0.1288958594022957,7277.407175922033,0.8111541131545104,trend
2024-10-31,AU,close_long,0.3210655083018695,0.0,-0.3210655083018695,539.6259656206246,0.6678906874987578,trend
2024-10-31,IM,open_long,0.0,0.3210779916156018,0.3210779916156018,7385.319858062066,1.1765087098352176,trend
2024-11-01,IM,increase_long,0.3210779916156018,0.32462952138737244,0.003551529771770645,7173.879207729,1.0155443525730798,trend
2024-11-04,IF,open_long,0.0,0.3200920081595992,0.3200920081595992,5275.121561702696,1.2127937343115756,trend
2024-11-04,IM,reduce_long,0.32462952138737244,0.13528405697327053,-0.1893454644141019,7351.460122582462,0.974493612413087,trend
2024-11-05,IF,increase_long,0.3200920081595992,0.6226780126622312,0.302586004502632,5420.357290479052,1.376862414510265,neutral
2024-11-05,IM,close_long,0.13528405697327053,0.0,-0.13528405697327053,7626.235529927735,0.5016348401358665,neutral
2024-11-06,IF,close_long,0.6226780126622312,0.0,-0.6226780126622312,5384.114980178897,0.7157277260255549,neutral
2024-11-06,IM,open_long,0.0,0.6625500936619599,0.6625500936619599,7634.517767383178,1.280223564547382,trend
2024-11-07,IM,increase_long,0.6625500936619599,0.875,0.21244990633804006,7781.649279826924,1.4019072888957482,trend
2024-11-12,IM,reduce_long,0.875,0.849061874242819,-0.02593812575718102,7804.5472304390305,1.4116784245180525,trend
2024-11-13,IF,open_long,0.0,0.3687902622603705,0.3687902622603705,5480.0505074440125,1.1379396370632024,trend
2024-11-13,IM,reduce_long,0.849061874242819,0.670489854353739,-0.17857201988908,7791.880279036588,1.2240695857575026,trend
2024-11-14,IF,increase_long,0.3687902622603705,0.38957199422636074,0.020781731965990258,5385.447418057579,0.9499188154247484,trend
2024-11-14,IM,increase_long,0.670489854353739,0.7495988283514199,0.07910897399768091,7599.683651026464,1.4471269246754943,trend
2024-11-15,IF,close_long,0.38957199422636074,0.0,-0.38957199422636074,5296.707055337346,0.8715936912175185,neutral
2024-11-15,IM,reduce_long,0.7495988283514199,0.676573713190896,-0.0730251151605239,7433.308116259777,1.5027054822245909,trend
2024-11-18,IM,reduce_long,0.676573713190896,0.6136266449649519,-0.06294706822594409,7252.073273117149,1.6282490657342974,trend
2024-11-19,IM,reduce_long,0.6136266449649519,0.5437858732119882,-0.06984077175296366,7421.128355295891,1.616429168634732,trend
2024-11-20,IM,increase_long,0.5437858732119882,0.5532131244544138,0.009427251242425605,7540.246417522699,1.7100061193583722,trend
2024-11-21,IM,reduce_long,0.5532131244544138,0.5433925081419061,-0.009820616312507746,7535.861703575699,1.275150436353895,trend
2024-11-22,IF,open_long,0.0,0.5052425353817307,0.5052425353817307,5144.276162016106,1.5054332277556417,trend
2024-11-22,IM,reduce_long,0.5433925081419061,0.19635827493586186,-0.3470342332060442,7248.419344827984,0.174547832144685,range
2024-11-25,IF,reduce_long,0.5052425353817307,0.4802867500568744,-0.024955785324856317,5115.229016260835,0.915802871466807,trend
2024-11-25,IM,close_long,0.19635827493586186,0.0,-0.19635827493586186,7299.087150437751,1.254881953952378,neutral
2024-11-26,IF,reduce_long,0.4802867500568744,0.4789644244179759,-0.0013223256388985027,5111.231702624789,1.651895927628707,trend
2024-11-27,IF,reduce_long,0.4789644244179759,0.4785986953868635,-0.00036572903111237176,5198.373139890603,1.4825451570956665,range
2024-11-28,IF,close_long,0.4785986953868635,0.0,-0.4785986953868635,5159.73244140882,1.8867617925949736,range
2024-11-29,IM,open_long,0.0,0.4832299846912092,0.4832299846912092,7497.860849368374,1.4531214375552852,trend
2024-12-02,IM,increase_long,0.4832299846912092,0.4875421261338068,0.004312141442597617,7632.812600848234,1.0281979981018092,trend
2024-12-03,IM,reduce_long,0.4875421261338068,0.40631493813967756,-0.08122718799412926,7631.10743431329,-1.1988144022692817,range
2024-12-04,IM,close_long,0.40631493813967756,0.0,-0.40631493813967756,7517.104871691315,-0.4375228367705586,neutral
2025-01-21,M,open_long,0.0,0.8424136369284896,0.8424136369284896,6024.529519272786,1.9253958721198987,trend
2025-01-22,M,reduce_long,0.8424136369284896,0.8413825444629172,-0.0010310924655724252,6013.956459393403,1.925723053689244,trend
2025-01-23,M,reduce_long,0.8413825444629172,0.8353509102015844,-0.006031634261332797,5997.039563586389,1.920432215575378,trend
2025-01-24,M,reduce_long,0.8353509102015844,0.825704087078375,-0.009646823123209414,6005.498011489896,1.915777432738751,trend
2025-01-27,M,increase_long,0.825704087078375,0.8304796357782427,0.004775548699867738,5967.434995924114,1.755639109503495,trend
2025-02-05,M,reduce_long,0.8304796357782427,0.8091847044160073,-0.02129493136223537,6200.042313270555,1.9004444932683395,trend
2025-02-06,M,increase_long,0.8091847044160073,0.8454335592108051,0.03624885479479778,6136.603953994253,1.6909161074932435,trend
2025-02-07,M,reduce_long,0.8454335592108051,0.8131716737712748,-0.03226188543953035,6151.40623782539,1.625368709659354,trend
2025-02-10,M,reduce_long,0.8131716737712748,0.8129281756219185,-0.00024349814935620273,6130.260118066622,0.9979098231114344,trend
2025-02-11,M,reduce_long,0.8129281756219185,0.8085320970678714,-0.0043960785540471115,6132.374730042499,1.273187931664869,trend
2025-02-12,I,open_long,0.0,0.45056099104905284,0.45056099104905284,4812.649706356888,1.0435864415704657,trend
2025-02-12,M,reduce_long,0.8085320970678714,0.7102167751278741,-0.09831532193999737,6035.10257915217,0.7078092462462414,trend
2025-02-13,I,increase_long,0.45056099104905284,0.7302320096987853,0.2796710186497325,4693.567848806717,0.090339407611008,neutral
2025-02-13,M,close_long,0.7102167751278741,0.0,-0.7102167751278741,6016.07107136928,0.6641737196220775,trend
2025-02-14,I,close_long,0.7302320096987853,0.0,-0.7302320096987853,4708.090026556738,-0.3012139713588437,neutral
2025-02-17,IM,open_long,0.0,0.6453460284058781,0.6453460284058781,7725.419250194973,1.6430686264292804,trend
2025-02-18,IM,reduce_long,0.6453460284058781,0.6447469465635904,-0.0005990818422876298,7590.020694388559,1.2301654932766928,trend
2025-02-18,M,open_long,0.0,0.29210681442989234,0.29210681442989234,6043.561027055677,1.050175492198053,trend
2025-02-19,IM,reduce_long,0.6447469465635904,0.46098737606039186,-0.18375957050319858,7751.2567727708765,1.011504658564561,neutral
2025-02-19,M,increase_long,0.29210681442989234,0.2983983644262124,0.006291549996320089,6136.603953994253,1.0025270451851982,trend
2025-02-20,IM,reduce_long,0.46098737606039186,0.40964820399028906,-0.0513391720701028,7769.144288400347,1.141225607949326,trend
2025-02-20,M,increase_long,0.2983983644262124,0.3454272495531437,0.047028885126931264,6193.698477342924,1.0634269893425865,trend
2025-02-21,IM,reduce_long,0.40964820399028906,0.36595237433602845,-0.04369582965426061,7948.764757846288,0.9105733062572792,trend
2025-02-21,M,increase_long,0.3454272495531437,0.4877913513548351,0.1423641018016914,6227.532268956952,1.2040833581738677,trend
2025-02-24,IM,reduce_long,0.36595237433602845,0.36134740426707024,-0.004604970068958214,7908.517847679978,1.1652463462961615,trend
2025-02-24,M,reduce_long,0.4877913513548351,0.4357261470496165,-0.052065204305218604,6142.947789921883,1.1914310078831347,trend
2025-02-25,IM,increase_long,0.36134740426707024,0.40209264014868473,0.040745235881614494,7894.605335523722,1.2614069447436689,trend
2025-02-25,M,reduce_long,0.4357261470496165,0.3630488719816307,-0.07267727506798577,6157.75007375302,0.972371943752862,neutral
2025-02-26,IM,increase_long,0.40209264014868473,0.5728082991719102,0.1707156590232255,7975.844469007571,1.266589033280983,trend
2025-02-26,M,close_long,0.3630488719816307,0.0,-0.3630488719816307,6102.770162380225,0.6759276993512456,neutral
2025-02-27,IM,increase_long,0.5728082991719102,0.5748251523064593,0.0020168531345490237,7968.639775212368,1.1449930038735356,trend
2025-02-28,IM,reduce_long,0.5748251523064593,0.5737279928110781,-0.0010971594953811392,7739.3317623512285,1.4531669251197563,trend
2025-03-03,IM,reduce_long,0.5737279928110781,0.43796840944895404,-0.13575958336212407,7720.698933570529,1.1796923285257743,trend
2025-03-03,M,open_long,0.0,0.2729555939819054,0.2729555939819054,6358.638211461309,1.2716625041567111,trend
2025-03-04,IM,reduce_long,0.43796840944895404,0.3613263859148991,-0.07664202353405497,7799.95056531777,1.192324394789044,trend
2025-03-04,M,increase_long,0.2729555939819054,0.4327885056219689,0.15983291164006352,6288.856016257377,0.9407481826907338,trend
2025-03-05,IM,increase_long,0.3613263859148991,0.5009699907383377,0.13964360482343863,7841.936539503613,1.186738090025461,neutral
2025-03-05,M,close_long,0.4327885056219689,0.0,-0.4327885056219689,6092.1971025008415,0.6538417263717016,neutral
2025-03-06,IM,increase_long,0.5009699907383377,0.6180953212333807,0.11712533049504303,8044.164841203468,1.5160817741989034,trend
2025-03-07,IM,increase_long,0.6180953212333807,0.6231403143807385,0.005044993147357735,8015.59450373973,1.4976407138975747,trend
2025-03-10,IM,reduce_long,0.6231403143807385,0.6184226805172918,-0.004717633863446702,7984.042913671078,1.4564930426833131,trend
2025-03-11,IM,reduce_long,0.6184226805172918,0.6107764252051586,-0.007646255312133143,8061.803919115863,1.4197250683881302,trend
2025-03-12,IM,increase_long,0.6107764252051586,0.6196947494068312,0.0089183242016726,8091.368007447906,1.6195720845470185,trend
2025-03-13,IM,increase_long,0.6196947494068312,0.6548383746737299,0.035143625266898626,7982.303849651546,1.2922986170833968,trend
2025-03-14,IM,reduce_long,0.6548383746737299,0.6526582990332561,-0.002180075640473733,8152.235248131524,1.0535664857927145,neutral
2025-03-17,IM,close_long,0.6526582990332561,0.0,-0.6526582990332561,8128.136789575152,0.8449636180068939,neutral
2025-03-20,AU,open_long,0.0,0.769778854243852,0.769778854243852,598.149736697571,1.188755275804683,trend
2025-03-21,AU,increase_long,0.769778854243852,0.7743806259179724,0.004601771674120458,595.1695114084656,1.2776685097764515,trend
2025-03-24,AU,increase_long,0.7743806259179724,0.8038534217340805,0.029472795816108066,595.3210482875727,1.5944095052516918,trend
2025-03-25,AU,increase_long,0.8038534217340805,0.8046145064408212,0.0007610847067407445,595.0011370983466,1.5282751167330575,trend
2025-03-26,AU,reduce_long,0.8046145064408212,0.8028675054068958,-0.0017470010339254438,596.9037668026907,1.7946288893965232,trend
2025-03-27,AU,increase_long,0.8028675054068958,0.8132608835930163,0.010393378186120517,597.981362387452,1.7835128752337082,trend
2025-03-28,AU,increase_long,0.8132608835930163,0.8191195221803245,0.005858638587308174,608.5047567698864,1.7838591394222532,trend
2025-03-31,AU,increase_long,0.8191195221803245,0.875,0.055880477819675534,614.3978576240497,1.6166461030056225,trend
2025-04-08,AU,reduce_long,0.875,0.7374390918805306,-0.13756090811946942,605.4908566187572,1.8212378553262332,trend
2025-04-09,AU,increase_long,0.7374390918805306,0.7450889779591457,0.0076498860786151646,613.0003508500624,1.8826377479374152,trend
2025-04-10,AU,increase_long,0.7450889779591457,0.7491415634864156,0.004052585527269836,626.7565319867807,1.8720990405982212,trend
2025-04-11,AU,reduce_long,0.7491415634864156,0.692501990047646,-0.056639573438769575,637.5493252654054,1.732801625023029,trend
2025-04-14,AU,increase_long,0.692501990047646,0.6945105997864022,0.002008609738756162,642.8867908961761,1.6609610480902175,trend
2025-04-15,AU,increase_long,0.6945105997864022,0.7215841891463598,0.02707358935995763,643.5602881366519,1.7392470467526948,trend
2025-04-16,AU,increase_long,0.7215841891463598,0.7264113735185309,0.004827184372171112,658.0068039448579,1.7830535625885502,trend
2025-04-17,AU,reduce_long,0.7264113735185309,0.6887662710268475,-0.0376451024916834,664.4218651603899,1.750123507667364,trend
2025-04-18,AU,increase_long,0.6887662710268475,0.6893526708888741,0.0005863998620265765,665.9372339514604,1.7356899960098766,trend
2025-04-21,AU,increase_long,0.6893526708888741,0.6919333453862012,0.002580674497327129,677.7571105218107,1.7514105297936522,trend
2025-04-22,AU,increase_long,0.6919333453862012,0.6933222781816565,0.0013889327954552666,699.9488445954884,1.8158695373728264,trend
2025-04-23,AU,reduce_long,0.6933222781816565,0.6399646400986567,-0.05335763808299976,660.2630197004518,1.7211455454844804,trend
2025-04-24,AU,reduce_long,0.6399646400986567,0.4470744460262652,-0.1928901940723915,666.9306423811622,1.680693006864464,trend
2025-04-25,AU,reduce_long,0.4470744460262652,0.4468850560253424,-0.00018939000092282887,662.7212846281885,1.5733432350708407,trend
2025-04-28,AU,reduce_long,0.4468850560253424,0.44450538623527297,-0.0023796697900694275,656.6934843259301,1.6278258303299171,trend
2025-04-29,AU,increase_long,0.44450538623527297,0.44803174132928947,0.003526355094016498,660.9870292339633,1.5197528130636344,trend
2025-04-30,AU,increase_long,0.44803174132928947,0.44953406815531943,0.001502326826029965,656.9123709290847,1.271156767686893,trend
2025-05-06,AU,reduce_long,0.44953406815531943,0.44952758227153977,-6.4858837796610835e-06,669.1195084127086,1.4115328806789078,trend
2025-05-07,AU,reduce_long,0.44952758227153977,0.44949033471428645,-3.7247557253317076e-05,674.4073319237472,1.5473852330613749,trend
2025-05-08,AU,increase_long,0.44949033471428645,0.45029142629833857,0.000801091584052116,663.7309644538404,1.122343180919397,trend
2025-05-09,AU,increase_long,0.45029142629833857,0.4972619580049561,0.046970531706617524,661.750128979864,1.1676207887006935,trend
2025-05-12,AU,reduce_long,0.4972619580049561,0.3725168892285318,-0.12474506877642427,648.203228746822,0.6796830527174215,trend
2025-05-12,IM,open_long,0.0,0.38740147299529026,0.38740147299529026,7786.557297401029,1.0136566130167295,trend
2025-05-13,AU,close_long,0.3725168892285318,0.0,-0.3725168892285318,644.3422782466985,0.9403385469372572,trend
2025-05-13,IF,open_long,0.0,0.484967500315679,0.484967500315679,5163.150530362113,1.1288224544535044,trend
2025-05-13,IM,reduce_long,0.38740147299529026,0.19004410128704766,-0.1973573717082426,7734.449145203746,0.6292548771779412,neutral
2025-05-14,IF,increase_long,0.484967500315679,0.4983153654751452,0.013347865159466232,5238.767692115534,1.2546689460820957,trend
2025-05-14,IM,close_long,0.19004410128704766,0.0,-0.19004410128704766,7794.296131885774,0.8005929882529801,neutral
2025-05-15,IF,increase_long,0.4983153654751452,0.5052253282769085,0.006909962801763259,5192.378440401557,1.3105173700520345,trend
2025-05-16,IF,reduce_long,0.5052253282769085,0.47596562127228004,-0.029259707004628432,5156.446881270498,0.7921308124993033,neutral
2025-05-19,IF,close_long,0.47596562127228004,0.0,-0.47596562127228004,5152.692837779194,0.6588840603672228,neutral
2025-05-21,IF,open_long,0.0,0.5329456838612456,0.5329456838612456,5203.64057087547,1.6244340894431912,trend
2025-05-22,IF,increase_long,0.5329456838612456,0.5334694413021616,0.0005237574409159285,5201.495403166153,1.0565649435849076,neutral
2025-05-23,IF,close_long,0.5334694413021616,0.0,-0.5334694413021616,5156.715027234162,0.9379586217836005,neutral
2025-06-12,M,open_long,0.0,0.875,0.875,6149.7776540955565,1.9564522206235573,trend
2025-06-24,M,close_long,0.875,0.0,-0.875,6125.573871921353,1.7147940388928111,neutral
2025-06-25,IF,open_long,0.0,0.875,0.875,5357.088198928987,1.5367788287032524,trend
2025-06-26,IF,reduce_long,0.875,0.8745639297827018,-0.00043607021729819007,5331.687505419229,0.9245366389682416,neutral
2025-06-27,IF,close_long,0.8745639297827018,0.0,-0.8745639297827018,5293.996153759587,0.9167761394866996,neutral
2025-07-03,IF,open_long,0.0,0.8311111496368389,0.8311111496368389,5350.533181249049,1.626429039417202,trend
2025-07-04,IF,reduce_long,0.8311111496368389,0.8300967092098382,-0.0010144404270006069,5375.114497548815,1.6575326298858488,trend
2025-07-07,IF,increase_long,0.8300967092098382,0.8456266733489105,0.015529964139072261,5350.533181249049,1.839653829869851,trend
2025-07-08,IF,reduce_long,0.8456266733489105,0.8301073908914877,-0.015519282457422845,5405.977705791855,1.8001093472790433,trend
2025-07-09,IF,increase_long,0.8301073908914877,0.8657318676480875,0.035624476756599854,5398.057059428597,1.7212959136737285,trend
2025-07-10,IF,reduce_long,0.8657318676480875,0.8606974845162559,-0.005034383131831577,5424.277130148347,1.4085350880613137,trend
2025-07-11,IF,increase_long,0.8606974845162559,0.875,0.01430251548374406,5453.501583971402,1.2968299349919528,trend
2025-07-15,I,open_long,0.0,0.585676137970323,0.585676137970323,4725.065446439109,1.211676790940777,trend
2025-07-15,IF,reduce_long,0.875,0.6727322307909263,-0.20226776920907374,5436.021536824902,0.9352468911724,trend
2025-07-16,I,increase_long,0.585676137970323,0.875,0.28932386202967697,4762.02814875806,1.3489125038164642,trend
2025-07-16,IF,close_long,0.6727322307909263,0.0,-0.6727322307909263,5422.911501465027,0.730813645106627,trend
2025-07-22,I,reduce_long,0.875,0.8547082124342076,-0.02029178756579242,5070.050668082643,1.147263329285502,trend
2025-07-23,I,reduce_long,0.8547082124342076,0.7993506894360329,-0.055357522998174646,5002.285713831235,1.171728608618685,trend
2025-07-24,I,reduce_long,0.7993506894360329,0.7412941037584945,-0.058056585677538464,4996.125263444743,0.9217471321477784,trend
2025-07-25,I,close_long,0.7412941037584945,0.0,-0.7412941037584945,4943.761435159564,0.9075449018907455,trend
2025-07-29,I,open_long,0.0,0.7418027259170149,0.7418027259170149,4916.039408420351,1.0345982314824749,trend
2025-07-30,I,reduce_long,0.7418027259170149,0.7414841180238914,-0.00031860789312354587,4860.595354941926,1.0607135104107024,trend
2025-07-31,I,reduce_long,0.7414841180238914,0.713708180557512,-0.027775937466379408,4798.990851077009,1.2494408356759954,trend
2025-08-01,I,reduce_long,0.713708180557512,0.6858085811865425,-0.02789959937096942,4823.632652622976,1.3105671575747404,trend
2025-08-04,I,increase_long,0.6858085811865425,0.6859529836342054,0.00014440244766289467,4869.836030521664,1.1835378504658791,trend
2025-08-05,I,increase_long,0.6859529836342054,0.6882741625787393,0.002321178944533875,4919.119633613597,1.389354418563628,trend
2025-08-06,I,increase_long,0.6882741625787393,0.6928219679690666,0.004547805390327286,4894.477832067631,1.1060930771722812,trend
2025-08-07,I,reduce_long,0.6928219679690666,0.6885920753352001,-0.004229892633866528,4885.237156487893,0.9706455127506016,trend
2025-08-08,I,close_long,0.6885920753352001,0.0,-0.6885920753352001,4866.755805328417,0.5489434879719348,neutral
2025-08-15,IF,open_long,0.0,0.7292526975244016,0.7292526975244016,5748.477379568592,1.019756111295969,trend
2025-08-18,IF,increase_long,0.7292526975244016,0.7294304165007208,0.00017771897631924105,5787.261234174891,1.041745575141353,trend
2025-08-19,IF,increase_long,0.7294304165007208,0.875,0.14556958349927918,5757.763654615171,1.2177089127405438,trend
2025-08-26,IF,reduce_long,0.875,0.7399925046186818,-0.13500749538131818,6075.682012092144,0.982733367946127,trend
2025-08-26,IM,open_long,0.0,0.3958945407622874,0.3958945407622874,9939.876917183432,1.2406077173990957,trend
2025-08-27,IF,reduce_long,0.7399925046186818,0.39552277499664495,-0.34446972962203687,5986.916147676323,1.0891464736043932,trend
2025-08-27,IM,increase_long,0.3958945407622874,0.5598360009845817,0.16394146022229433,9768.032887086214,1.0024597766210777,trend
2025-08-28,IF,increase_long,0.39552277499664495,0.5879418779641202,0.19241910296747528,6091.250179081995,1.076728055197527,trend
2025-08-28,IM,reduce_long,0.5598360009845817,0.4031007309763989,-0.15673527000818283,9869.906103056484,0.9038152060766026,trend
2025-08-29,IF,reduce_long,0.5879418779641202,0.4603134725817506,-0.12762840538236964,6153.795972778066,1.0284109724102704,trend
2025-08-29,IM,increase_long,0.4031007309763989,0.49176411558213223,0.08866338460573331,9874.463589034103,1.1574598605597404,trend
2025-09-01,IF,increase_long,0.4603134725817506,0.4657320970248239,0.005418624443073283,6159.804738984677,1.1036791054866664,trend
2025-09-01,IM,reduce_long,0.49176411558213223,0.47916498053790413,-0.012599135044228105,9893.229707765468,1.1631149381282837,trend
2025-09-02,IF,increase_long,0.4657320970248239,0.48286059985482294,0.01712850282999906,6119.655255695058,1.0740290177888978,trend
2025-09-02,IM,reduce_long,0.47916498053790413,0.4666045082759284,-0.012560472261975708,9720.045240616008,1.0189152596751103,trend
2025-09-03,IF,increase_long,0.48286059985482294,0.6518011374127007,0.1689405375578778,6049.735067109058,1.296120763691168,trend
2025-09-03,IM,reduce_long,0.4666045082759284,0.2448941734560633,-0.22171033481986513,9574.205689332251,0.9203975338790203,trend
2025-09-04,IF,increase_long,0.6518011374127007,0.6533060352807332,0.0015048978680324288,5939.665395233439,1.316550410818626,trend
2025-09-04,IM,close_long,0.2448941734560633,0.0,-0.2448941734560633,9387.080676839494,0.6677056818110577,trend
2025-09-05,IF,reduce_long,0.6533060352807332,0.6039361148741594,-0.04936992040657373,6086.060790085379,1.114419345284717,trend
2025-09-08,IF,reduce_long,0.6039361148741594,0.5267681873760057,-0.07716792749815371,6081.144526825426,0.8177382228779705,trend
2025-09-08,IM,open_long,0.0,0.34762028232130227,0.34762028232130227,9699.402510011509,1.0267418484039568,trend
2025-09-09,IF,close_long,0.5267681873760057,0.0,-0.5267681873760057,6044.54567811244,0.791954231940499,trend
2025-09-09,IM,increase_long,0.34762028232130227,0.5739557290166429,0.22633544669534067,9605.30382894423,0.484640972555957,neutral
2025-09-10,IM,close_long,0.5739557290166429,0.0,-0.5739557290166429,9585.465360571072,0.5334161327271238,neutral
2025-09-11,IF,open_long,0.0,0.5659779491043657,0.5659779491043657,6229.998053307341,1.0428131108365204,trend
2025-09-12,IF,reduce_long,0.5659779491043657,0.5659394475517193,-3.850155264639721e-05,6177.011660394513,1.0004598948317451,trend
2025-09-15,IF,reduce_long,0.5659394475517193,0.5623773161244374,-0.0035621314272819005,6183.293552337786,1.4730565993595173,trend
2025-09-16,IF,increase_long,0.5623773161244374,0.5646791620761192,0.0023018459516818135,6168.271636821262,0.6951170219751953,trend
2025-09-17,IF,close_long,0.5646791620761192,0.0,-0.5646791620761192,6208.1183528214,0.3544476989442885,trend
2025-10-15,AU,open_long,0.0,0.875,0.875,801.9681474695416,1.4232937858755672,trend
2025-10-21,AU,reduce_long,0.875,0.6829654878210144,-0.1920345121789856,830.1273056142329,1.383413098003386,trend
2025-10-22,AU,reduce_long,0.6829654878210144,0.6102463624626934,-0.07271912535832104,795.4711649557307,1.098463689029796,trend
2025-10-23,AU,reduce_long,0.6102463624626934,0.4944068671785796,-0.11583949528411375,786.8864631251428,1.0818973015860338,trend
2025-10-24,AU,increase_long,0.4944068671785796,0.5070863688100701,0.012679501631490453,783.3957964274913,1.159309658680684,trend
2025-10-27,AU,reduce_long,0.5070863688100701,0.5067671289013954,-0.00031923990867466223,780.0888490297161,0.9158547541789313,trend
2025-10-28,AU,close_long,0.5067671289013954,0.0,-0.5067671289013954,752.7313751026671,0.5286719622270488,trend
2025-12-18,AU,open_long,0.0,0.852843573419218,0.852843573419218,816.2917410530389,1.400397284880206,trend
2025-12-19,AU,reduce_long,0.852843573419218,0.8517970464503178,-0.0010465269689001744,815.7922254542303,1.151945054599269,trend
2025-12-22,AU,reduce_long,0.8517970464503178,0.8496616285451781,-0.0021354179051397137,833.2419703726105,1.0664266632375246,trend
2025-12-23,AU,increase_long,0.8496616285451781,0.875,0.025338371454821873,844.3811682260421,1.2663022478312371,trend
2025-12-26,AU,close_long,0.875,0.0,-0.875,846.0961717819515,0.5798903397041922,trend
2026-01-07,I,open_long,0.0,0.875,0.875,5263.955564374483,1.9123839258079536,trend
2026-01-19,I,reduce_long,0.875,0.7068172190352626,-0.16818278096473738,5047.802799653792,0.6413358215469043,trend
2026-01-19,IM,open_long,0.0,0.7077089981054152,0.7077089981054152,11630.77957935011,1.2669586029259683,trend
2026-01-20,I,close_long,0.7068172190352626,0.0,-0.7068172190352626,5019.194345499584,0.919510774417611,trend
2026-01-20,IM,increase_long,0.7077089981054152,0.7101893015704829,0.002480303465067668,11537.296900787427,0.4074666416674579,trend
2026-01-21,IM,reduce_long,0.7101893015704829,0.6542181974895923,-0.055971104080890566,11693.859076738909,1.0162986898541408,trend
2026-01-22,IM,increase_long,0.6542181974895923,0.7587921844373761,0.10457398694778375,11781.374775818866,0.9323469785555404,trend
2026-01-23,IM,close_long,0.7587921844373761,0.0,-0.7587921844373761,12099.613681564158,0.8132819022610863,trend
2026-01-27,AU,open_long,0.0,0.7176593556970436,0.7176593556970436,953.3444572252648,1.030136871639522,trend
2026-01-28,AU,increase_long,0.7176593556970436,0.728983484525046,0.011324128828002378,984.7412835129566,1.0468859084708315,trend
2026-01-29,AU,reduce_long,0.728983484525046,0.617400292232249,-0.111583192292797,1036.975242001099,1.6813242741595058,trend
2026-01-30,AU,reduce_long,0.617400292232249,0.4743049693549702,-0.14309532287727883,964.1698039939454,1.467045061925396,trend
2026-02-02,AU,reduce_long,0.4743049693549702,0.3751372953383408,-0.0991676740166294,837.3040453137481,1.371627756990777,trend
2026-02-03,AU,reduce_long,0.3751372953383408,0.22574119076422017,-0.14939610457412061,908.017468454562,1.5093764997892822,trend
2026-02-04,AU,increase_long,0.22574119076422017,0.25145892090600275,0.02571773014178258,947.7989575002044,1.948764669744084,trend
2026-02-05,AU,increase_long,0.25145892090600275,0.26237616387633156,0.010917242970328811,917.9628407159728,1.370373991278694,trend
2026-02-06,AU,reduce_long,0.26237616387633156,0.2546218500188443,-0.0077543138574872605,904.979065910592,1.181633959872961,trend
2026-02-09,AU,reduce_long,0.2546218500188443,0.24985385062917007,-0.004767999389674232,934.7155629392836,1.268933929760328,trend
2026-02-10,AU,increase_long,0.24985385062917007,0.26042298585681234,0.010569135227642273,930.7971858880436,1.4648478436958148,trend
2026-02-11,AU,reduce_long,0.26042298585681234,0.25917817170749335,-0.0012448141493189846,938.418097186854,0.9762427574706752,trend
2026-02-12,AU,close_long,0.25917817170749335,0.0,-0.25917817170749335,934.8649925725936,0.4256259113548559,trend
2026-03-05,M,open_long,0.0,0.27558199031388986,0.27558199031388986,6054.861292756443,1.509182609758852,trend
2026-03-06,M,increase_long,0.27558199031388986,0.2850318135626288,0.009449823248738942,6208.202837982775,1.5151830039076546,trend
2026-03-09,M,increase_long,0.2850318135626288,0.3268430000245762,0.041811186461947425,6378.5823326787,1.5983681316292473,trend
2026-03-10,M,increase_long,0.3268430000245762,0.37876044376751705,0.05191744374294083,6331.727971637321,1.5814428838415042,trend
2026-03-11,M,increase_long,0.37876044376751705,0.7799291701998919,0.4011687264323749,6534.053621588732,1.4996354122251832,trend
2026-03-12,M,increase_long,0.7799291701998919,0.875,0.09507082980010806,6504.237210016945,1.2892371380462948,trend
2026-03-13,I,open_long,0.0,0.4944861489214544,0.4944861489214544,5159.057899142384,1.1700324091155354,trend
2026-03-13,M,reduce_long,0.875,0.5794165645201961,-0.2955834354798039,6661.838242610676,1.1508481071207706,trend
